--
-- PostgreSQL database dump
--

\restrict wEO7NPOnZeHOnSwxr3maUkFVkLxBN8wCosXgcfwqcRanUSlOM4HJEM2yPiATobL

-- Dumped from database version 18.3
-- Dumped by pg_dump version 18.3

SET statement_timeout = 0;
SET lock_timeout = 0;
SET idle_in_transaction_session_timeout = 0;
SET transaction_timeout = 0;
SET client_encoding = 'UTF8';
SET standard_conforming_strings = on;
SELECT pg_catalog.set_config('search_path', '', false);
SET check_function_bodies = false;
SET xmloption = content;
SET client_min_messages = warning;
SET row_security = off;

--
-- Data for Name: permissions; Type: TABLE DATA; Schema: public; Owner: orchestr_a
--

INSERT INTO public.permissions VALUES ('b44f92ef-cf63-4a98-b20c-f9424b067b5d', 'epics:update', 'epics', 'update', 'Modifier un epic', '2026-02-18 06:17:43.724', '2026-04-11 13:03:53.862');
INSERT INTO public.permissions VALUES ('b8a92921-3ea2-403c-ba41-238d313cd261', 'epics:delete', 'epics', 'delete', 'Supprimer un epic', '2026-02-18 06:17:43.726', '2026-04-11 13:03:53.863');
INSERT INTO public.permissions VALUES ('ca51f0d3-61ea-4c36-b7c9-f0fe6aedc7d4', 'milestones:read', 'milestones', 'read', 'Voir les jalons', '2026-02-18 06:17:43.729', '2026-04-11 13:03:53.865');
INSERT INTO public.permissions VALUES ('f18e4757-1fdb-46e4-984c-e919dc55985b', 'milestones:update', 'milestones', 'update', 'Modifier un jalon', '2026-02-18 06:17:43.731', '2026-04-11 13:03:53.866');
INSERT INTO public.permissions VALUES ('e597fde1-886a-4181-b148-22fc16fdaae6', 'milestones:delete', 'milestones', 'delete', 'Supprimer un jalon', '2026-02-18 06:17:43.732', '2026-04-11 13:03:53.867');
INSERT INTO public.permissions VALUES ('866436ef-fd5c-4e81-abfe-ee1e1c403f89', 'leaves:create', 'leaves', 'create', 'Poser une demande de congé', '2026-02-18 06:17:43.734', '2026-04-11 13:03:53.868');
INSERT INTO public.permissions VALUES ('4160e1c6-8a21-47ec-8e70-819c495af58e', 'leaves:read', 'leaves', 'read', 'Voir les congés', '2026-02-18 06:17:43.735', '2026-04-11 13:03:53.869');
INSERT INTO public.permissions VALUES ('3edcb1c1-057e-4005-b857-828ddbb3e253', 'leaves:update', 'leaves', 'update', 'Modifier une demande de congé', '2026-02-18 06:17:43.737', '2026-04-11 13:03:53.87');
INSERT INTO public.permissions VALUES ('5676bb33-c647-4f18-8183-3fcc81c27ad1', 'leaves:approve', 'leaves', 'approve', 'Valider ou rejeter des congés', '2026-02-18 06:17:43.74', '2026-04-11 13:03:53.873');
INSERT INTO public.permissions VALUES ('21cf74ed-0408-40b3-93a7-88556622fb74', 'leaves:manage_delegations', 'leaves', 'manage_delegations', 'Gérer les délégations de validation', '2026-02-18 06:17:43.742', '2026-04-11 13:03:53.874');
INSERT INTO public.permissions VALUES ('37cf2172-f45e-4ce1-9df7-e04b517dc140', 'telework:create', 'telework', 'create', 'Déclarer du télétravail', '2026-02-18 06:17:43.743', '2026-04-11 13:03:53.879');
INSERT INTO public.permissions VALUES ('92fad553-2b08-4ead-abf3-2e3bb8310324', 'telework:update', 'telework', 'update', 'Modifier une déclaration de télétravail', '2026-02-18 06:17:43.746', '2026-04-11 13:03:53.881');
INSERT INTO public.permissions VALUES ('5efdb4b2-3f63-4b41-b4bf-f88ec2d97724', 'telework:delete', 'telework', 'delete', 'Supprimer une déclaration de télétravail', '2026-02-18 06:17:43.748', '2026-04-11 13:03:53.882');
INSERT INTO public.permissions VALUES ('1772371a-d7eb-45ba-8ed2-dca22556f821', 'skills:create', 'skills', 'create', 'Ajouter une compétence', '2026-02-18 06:17:43.751', '2026-04-11 13:03:53.887');
INSERT INTO public.permissions VALUES ('66ac439b-db69-4f17-a58b-117bb47c8bea', 'skills:read', 'skills', 'read', 'Voir les compétences', '2026-02-18 06:17:43.752', '2026-04-11 13:03:53.888');
INSERT INTO public.permissions VALUES ('e435e1f2-dd41-46c9-a1ea-fd49a928c5ef', 'skills:update', 'skills', 'update', 'Modifier une compétence', '2026-02-18 06:17:43.754', '2026-04-11 13:03:53.889');
INSERT INTO public.permissions VALUES ('2113a120-bbdd-4278-b86d-0019af245020', 'skills:delete', 'skills', 'delete', 'Supprimer une compétence', '2026-02-18 06:17:43.755', '2026-04-11 13:03:53.89');
INSERT INTO public.permissions VALUES ('b84a10be-0eea-4d13-adb8-3ca0d819fecf', 'time_tracking:create', 'time_tracking', 'create', 'Saisir du temps', '2026-02-18 06:17:43.758', '2026-04-11 13:03:53.895');
INSERT INTO public.permissions VALUES ('3fe1c116-c45c-429d-8307-5a9691ff25ad', 'time_tracking:read', 'time_tracking', 'read', 'Voir les saisies de temps', '2026-02-18 06:17:43.759', '2026-04-11 13:03:53.896');
INSERT INTO public.permissions VALUES ('28e00799-98a3-47cf-b580-5219f1630ea4', 'time_tracking:update', 'time_tracking', 'update', 'Modifier une saisie de temps', '2026-02-18 06:17:43.761', '2026-04-11 13:03:53.897');
INSERT INTO public.permissions VALUES ('c8223808-d96c-45c6-8db3-158b768fed80', 'time_tracking:delete', 'time_tracking', 'delete', 'Supprimer une saisie de temps', '2026-02-18 06:17:43.763', '2026-04-11 13:03:53.898');
INSERT INTO public.permissions VALUES ('633d1322-d2af-4834-88a2-855b8dfd0eb6', 'users:create', 'users', 'create', 'Créer un utilisateur', '2026-02-18 06:17:43.766', '2026-04-11 13:03:53.9');
INSERT INTO public.permissions VALUES ('4af353e4-e8db-4e69-ad03-c7664cd3c17b', 'users:read', 'users', 'read', 'Voir les utilisateurs', '2026-02-18 06:17:43.767', '2026-04-11 13:03:53.901');
INSERT INTO public.permissions VALUES ('da578f5f-db4d-4596-a8b5-485e03ea53c7', 'users:update', 'users', 'update', 'Modifier un utilisateur', '2026-02-18 06:17:43.768', '2026-04-11 13:03:53.902');
INSERT INTO public.permissions VALUES ('cd5c9163-69e2-4a0c-8a9a-86e40e1a6bb3', 'users:delete', 'users', 'delete', 'Supprimer un utilisateur', '2026-02-18 06:17:43.77', '2026-04-11 13:03:53.903');
INSERT INTO public.permissions VALUES ('c2ed4604-484b-40a9-90ed-900173579193', 'users:import', 'users', 'import', 'Importer des utilisateurs', '2026-02-18 06:17:43.772', '2026-04-11 13:03:53.904');
INSERT INTO public.permissions VALUES ('5a653c7c-4b64-4afe-9650-0efd76d8452a', 'departments:create', 'departments', 'create', 'Créer un département/service', '2026-02-18 06:17:43.775', '2026-04-11 13:03:53.909');
INSERT INTO public.permissions VALUES ('4e326d3a-37ac-48f6-912f-1b3f9ef25ac3', 'departments:read', 'departments', 'read', 'Voir les départements/services', '2026-02-18 06:17:43.776', '2026-04-11 13:03:53.91');
INSERT INTO public.permissions VALUES ('a9a62709-ff7b-47cf-b5cd-1768c4a1b32b', 'departments:update', 'departments', 'update', 'Modifier un département/service', '2026-02-18 06:17:43.778', '2026-04-11 13:03:53.912');
INSERT INTO public.permissions VALUES ('9489e3bc-5725-40c6-9d0c-d8213b233722', 'services:create', 'services', 'create', 'Créer un service', '2026-02-18 06:17:43.781', '2026-04-11 13:03:53.916');
INSERT INTO public.permissions VALUES ('119e2364-41e6-4d6a-aacb-3d92d051469d', 'services:read', 'services', 'read', 'Voir les services', '2026-02-18 06:17:43.782', '2026-04-11 13:03:53.917');
INSERT INTO public.permissions VALUES ('94c16f34-0f2b-4950-835c-e2d53d4ddc43', 'services:update', 'services', 'update', 'Modifier un service', '2026-02-18 06:17:43.784', '2026-04-11 13:03:53.918');
INSERT INTO public.permissions VALUES ('d3596fc7-dfc3-450b-9dc9-ede64ebcf157', 'services:delete', 'services', 'delete', 'Supprimer un service', '2026-02-18 06:17:43.786', '2026-04-11 13:03:53.919');
INSERT INTO public.permissions VALUES ('bf72db02-18c0-4b66-8e58-ad16cd7ffa79', 'documents:create', 'documents', 'create', 'Uploader un document', '2026-02-18 06:17:43.787', '2026-04-11 13:03:53.92');
INSERT INTO public.permissions VALUES ('285b0221-ef28-4ac7-81d9-c7e477fb710e', 'documents:read', 'documents', 'read', 'Voir les documents', '2026-02-18 06:17:43.789', '2026-04-11 13:03:53.921');
INSERT INTO public.permissions VALUES ('9bd7d899-d5f8-4758-8762-122e08914007', 'documents:delete', 'documents', 'delete', 'Supprimer un document', '2026-02-18 06:17:43.791', '2026-04-11 13:03:53.923');
INSERT INTO public.permissions VALUES ('819f6d81-94f6-4491-a3a1-fdaff7226b9b', 'comments:create', 'comments', 'create', 'Écrire un commentaire', '2026-02-18 06:17:43.793', '2026-04-11 13:03:53.924');
INSERT INTO public.permissions VALUES ('96bbb840-fe77-42cf-905d-be3fc3d12dfe', 'comments:read', 'comments', 'read', 'Voir les commentaires', '2026-02-18 06:17:43.794', '2026-04-11 13:03:53.925');
INSERT INTO public.permissions VALUES ('c250bb70-58ec-4877-8b05-c36cdcfaf426', 'comments:update', 'comments', 'update', 'Modifier un commentaire', '2026-02-18 06:17:43.796', '2026-04-11 13:03:53.926');
INSERT INTO public.permissions VALUES ('e417030d-594e-470d-9a48-a65782d9644c', 'settings:read', 'settings', 'read', 'Voir les paramètres', '2026-02-18 06:17:43.799', '2026-04-11 13:03:53.928');
INSERT INTO public.permissions VALUES ('94d15961-29a4-4c70-a28d-ca5eda018f4e', 'settings:update', 'settings', 'update', 'Modifier les paramètres', '2026-02-18 06:17:43.801', '2026-04-11 13:03:53.929');
INSERT INTO public.permissions VALUES ('e181ceb8-dea0-4b40-b0b5-4b39b676b23e', 'projects:read', 'projects', 'read', 'Voir les projets', '2026-02-18 06:17:43.697', '2026-04-11 13:03:53.841');
INSERT INTO public.permissions VALUES ('88a99157-750e-48b7-9d82-221c61356341', 'projects:update', 'projects', 'update', 'Modifier un projet', '2026-02-18 06:17:43.699', '2026-04-11 13:03:53.842');
INSERT INTO public.permissions VALUES ('82a19a42-9872-42db-8440-fe3682cb27a0', 'projects:delete', 'projects', 'delete', 'Supprimer un projet', '2026-02-18 06:17:43.701', '2026-04-11 13:03:53.843');
INSERT INTO public.permissions VALUES ('fba68333-d8c4-4ba9-8095-0a0e88142372', 'projects:manage_members', 'projects', 'manage_members', 'Gérer les membres d''un projet', '2026-02-18 06:17:43.702', '2026-04-11 13:03:53.844');
INSERT INTO public.permissions VALUES ('5a58a05d-e682-479b-88b0-8c8f23c4d656', 'tasks:create', 'tasks', 'create', 'Créer une tâche dans un projet', '2026-02-18 06:17:43.704', '2026-04-11 13:03:53.848');
INSERT INTO public.permissions VALUES ('4fa42149-27f3-4452-9ab4-69dd4e1ca7ab', 'tasks:read', 'tasks', 'read', 'Voir les tâches', '2026-02-18 06:17:43.706', '2026-04-11 13:03:53.849');
INSERT INTO public.permissions VALUES ('5f4de22b-0243-4ead-89d3-f1f02bbae93f', 'tasks:update', 'tasks', 'update', 'Modifier une tâche', '2026-02-18 06:17:43.707', '2026-04-11 13:03:53.85');
INSERT INTO public.permissions VALUES ('5e584c11-9682-4385-bc6e-92a83a9abe52', 'tasks:delete', 'tasks', 'delete', 'Supprimer une tâche', '2026-02-18 06:17:43.709', '2026-04-11 13:03:53.851');
INSERT INTO public.permissions VALUES ('a678334a-0424-41cb-9609-f057bccd9a2b', 'tasks:create_orphan', 'tasks', 'create_orphan', 'Créer des tâches orphelines (sans projet)', '2026-02-18 06:17:43.713', '2026-04-11 13:03:53.854');
INSERT INTO public.permissions VALUES ('4a28310b-7a91-4ec0-bf75-8bf45a847034', 'events:create', 'events', 'create', 'Créer un événement', '2026-02-18 06:17:43.714', '2026-04-11 13:03:53.855');
INSERT INTO public.permissions VALUES ('8b519136-8498-46a3-9c0a-72c034b1c4b2', 'events:read', 'events', 'read', 'Voir les événements', '2026-02-18 06:17:43.716', '2026-04-11 13:03:53.856');
INSERT INTO public.permissions VALUES ('7eeb6afc-18bf-4434-afbb-48d4204918d0', 'events:delete', 'events', 'delete', 'Supprimer un événement', '2026-02-18 06:17:43.719', '2026-04-11 13:03:53.858');
INSERT INTO public.permissions VALUES ('5d099235-e8af-4e9e-b6f7-5e63962fe2bc', 'epics:create', 'epics', 'create', 'Créer un epic', '2026-02-18 06:17:43.721', '2026-04-11 13:03:53.86');
INSERT INTO public.permissions VALUES ('acec49bd-1bdb-41ec-b1d1-2a88edca7ccb', 'epics:read', 'epics', 'read', 'Voir les epics', '2026-02-18 06:17:43.723', '2026-04-11 13:03:53.861');
INSERT INTO public.permissions VALUES ('a0ef0d37-96f1-47e3-91a8-ee8621305166', 'predefined_tasks:delete', 'predefined_tasks', 'delete', 'Supprimer une tâche prédéfinie', '2026-03-21 11:26:56.539', '2026-04-11 13:03:53.948');
INSERT INTO public.permissions VALUES ('a709de9b-810e-4c01-8c02-cb5c4bd77ae9', 'skills:edit', 'skills', 'edit', 'Modifier les compétences (granularité RBAC)', '2026-03-21 11:00:14.61', '2026-04-11 13:03:53.894');
INSERT INTO public.permissions VALUES ('b6bc2148-f2aa-485b-a7c8-dbdf034d6660', 'time_tracking:read_reports', 'time_tracking', 'read_reports', 'Voir les rapports de temps', '2026-02-18 06:17:43.764', '2026-04-11 13:03:53.899');
INSERT INTO public.permissions VALUES ('d8227bfd-27cd-4aba-bdfb-540e3911d676', 'departments:view', 'departments', 'view', 'Voir les départements (granularité RBAC)', '2026-03-21 11:00:14.625', '2026-04-11 13:03:53.914');
INSERT INTO public.permissions VALUES ('708d5e94-9228-4913-8bfb-b46f7abe9b4d', 'departments:edit', 'departments', 'edit', 'Modifier les départements (granularité RBAC)', '2026-03-21 11:00:14.626', '2026-04-11 13:03:53.915');
INSERT INTO public.permissions VALUES ('05b0381b-1236-43c3-a6c1-371b073ed6a2', 'reports:export', 'reports', 'export', 'Exporter les rapports', '2026-03-21 11:00:14.641', '2026-04-11 13:03:53.933');
INSERT INTO public.permissions VALUES ('9a5412b3-c400-4fb7-a647-72d176b0624e', 'holidays:create', 'holidays', 'create', 'Créer un jour férié', '2026-02-18 06:17:43.805', '2026-04-11 13:03:53.934');
INSERT INTO public.permissions VALUES ('8898989b-6ee5-4fa4-b70f-c1afb902b55a', 'holidays:read', 'holidays', 'read', 'Voir les jours fériés', '2026-02-18 06:17:43.807', '2026-04-11 13:03:53.935');
INSERT INTO public.permissions VALUES ('9278dcec-1f0c-480f-b11d-3686994f0e6e', 'school_vacations:create', 'school_vacations', 'create', 'Creer une periode de vacances scolaires', '2026-04-11 10:12:19.861', '2026-04-11 13:03:53.94');
INSERT INTO public.permissions VALUES ('10db8a23-e12c-4b7e-bae4-982243d22ed8', 'school_vacations:read', 'school_vacations', 'read', 'Voir les vacances scolaires', '2026-04-11 10:12:19.862', '2026-04-11 13:03:53.941');
INSERT INTO public.permissions VALUES ('1579a7eb-3782-4432-9265-a11fa7886c5d', 'school_vacations:update', 'school_vacations', 'update', 'Modifier une periode de vacances scolaires', '2026-04-11 10:12:19.863', '2026-04-11 13:03:53.942');
INSERT INTO public.permissions VALUES ('e3e908d6-5aa0-4c06-86bb-c0d1336b1e1b', 'school_vacations:delete', 'school_vacations', 'delete', 'Supprimer une periode de vacances scolaires', '2026-04-11 10:12:19.864', '2026-04-11 13:03:53.944');
INSERT INTO public.permissions VALUES ('c7456667-92f7-4e49-a822-7667b935f12c', 'predefined_tasks:view', 'predefined_tasks', 'view', 'Voir les tâches prédéfinies', '2026-03-21 11:26:56.536', '2026-04-11 13:03:53.945');
INSERT INTO public.permissions VALUES ('c351f32f-2bd8-44e0-ae23-25b0d56386dd', 'projects:view', 'projects', 'view', 'Voir les projets (granularité RBAC)', '2026-03-21 11:00:14.567', '2026-04-11 13:03:53.846');
INSERT INTO public.permissions VALUES ('aa2469e8-61f1-462a-a640-f47778b3120a', 'projects:edit', 'projects', 'edit', 'Modifier les projets (granularité RBAC)', '2026-03-21 11:00:14.569', '2026-04-11 13:03:53.847');
INSERT INTO public.permissions VALUES ('a8c405ea-a145-4b23-809d-0563fe88f35d', 'tasks:readAll', 'tasks', 'readAll', 'Voir toutes les tâches (pas uniquement les siennes)', '2026-04-05 09:31:44.768', '2026-04-11 13:03:53.852');
INSERT INTO public.permissions VALUES ('480929bc-9568-42fe-aa39-c6f638bc3559', 'tasks:create_in_project', 'tasks', 'create_in_project', 'Créer des tâches dans les projets dont on est membre', '2026-02-18 06:17:43.711', '2026-04-11 13:03:53.853');
INSERT INTO public.permissions VALUES ('202fb30d-cbf0-4ac3-9a93-b25dfd80cb66', 'events:update', 'events', 'update', 'Modifier un événement', '2026-02-18 06:17:43.718', '2026-04-11 13:03:53.857');
INSERT INTO public.permissions VALUES ('336902f5-b5dc-4022-bf6b-be2346e4c1ce', 'events:readAll', 'events', 'readAll', 'Voir tous les événements (pas uniquement les siens)', '2026-04-10 14:53:32.235', '2026-04-11 13:03:53.859');
INSERT INTO public.permissions VALUES ('a6c4cc55-2c1c-462d-a69c-d3e131735644', 'milestones:create', 'milestones', 'create', 'Créer un jalon', '2026-02-18 06:17:43.728', '2026-04-11 13:03:53.864');
INSERT INTO public.permissions VALUES ('2c228455-f7f2-4e5f-9387-873f61c7e6a9', 'leaves:delete', 'leaves', 'delete', 'Supprimer une demande de congé', '2026-02-18 06:17:43.739', '2026-04-11 13:03:53.871');
INSERT INTO public.permissions VALUES ('15783619-af55-4337-a465-deffd6d49b8c', 'leaves:readAll', 'leaves', 'readAll', 'Voir tous les congés (pas uniquement les siens)', '2026-04-10 14:53:32.255', '2026-04-11 13:03:53.872');
INSERT INTO public.permissions VALUES ('bcb60c15-7388-41c7-85b4-1ff5a6a66ca9', 'leaves:view', 'leaves', 'view', 'Voir les congés (granularité RBAC)', '2026-03-21 11:00:14.594', '2026-04-11 13:03:53.876');
INSERT INTO public.permissions VALUES ('3583fe2c-3104-4298-9653-09895a4aed68', 'leaves:manage', 'leaves', 'manage', 'Valider ou rejeter des demandes de congés', '2026-03-21 11:00:14.595', '2026-04-11 13:03:53.877');
INSERT INTO public.permissions VALUES ('03b8bdae-aa56-490b-b5dc-a62c2a4a99ee', 'leaves:declare_for_others', 'leaves', 'declare_for_others', 'Déclarer des congés au nom d''un autre agent', '2026-03-21 11:00:14.596', '2026-04-11 13:03:53.878');
INSERT INTO public.permissions VALUES ('e3a42885-ce42-4cb5-8264-8404b81237d2', 'telework:read', 'telework', 'read', 'Voir le télétravail', '2026-02-18 06:17:43.744', '2026-04-11 13:03:53.88');
INSERT INTO public.permissions VALUES ('359f8395-3f3f-4f94-bdc7-b07abb623ebd', 'telework:readAll', 'telework', 'readAll', 'Voir tous les télétravails (pas uniquement les siens)', '2026-04-10 14:53:32.262', '2026-04-11 13:03:53.883');
INSERT INTO public.permissions VALUES ('929dfdeb-c1f8-4b30-95e3-d9a29c653124', 'telework:read_team', 'telework', 'read_team', 'Voir le télétravail de l''équipe', '2026-02-18 06:17:43.749', '2026-04-11 13:03:53.884');
INSERT INTO public.permissions VALUES ('e5bad846-0802-445e-981e-071015a03a01', 'telework:manage_others', 'telework', 'manage_others', 'Gérer le télétravail des autres agents', '2026-02-25 00:00:13.025', '2026-04-11 13:03:53.885');
INSERT INTO public.permissions VALUES ('19563303-fdac-4831-9d7e-702ac3164362', 'telework:view', 'telework', 'view', 'Voir le télétravail (granularité RBAC)', '2026-03-21 11:00:14.603', '2026-04-11 13:03:53.886');
INSERT INTO public.permissions VALUES ('1499778c-f1bf-4e32-89da-474b4e41eda5', 'users:manage_roles', 'users', 'manage_roles', 'Gérer les rôles des utilisateurs', '2026-02-18 06:17:43.773', '2026-04-11 13:03:53.905');
INSERT INTO public.permissions VALUES ('3a99d477-83c7-47e7-b335-339071de5db6', 'users:view', 'users', 'view', 'Voir les utilisateurs (granularité RBAC)', '2026-03-21 11:00:14.62', '2026-04-11 13:03:53.906');
INSERT INTO public.permissions VALUES ('4e60ee44-304f-495c-af0c-bf2593d3afb7', 'users:manage', 'users', 'manage', 'Accéder à la page d''administration des utilisateurs', '2026-04-11 10:12:19.831', '2026-04-11 13:03:53.908');
INSERT INTO public.permissions VALUES ('6b1bb16c-8a9e-4172-8fad-76155e028b71', 'departments:delete', 'departments', 'delete', 'Supprimer un département/service', '2026-02-18 06:17:43.779', '2026-04-11 13:03:53.913');
INSERT INTO public.permissions VALUES ('6d7770bd-c8e2-4b01-a630-25965c30dcd1', 'documents:update', 'documents', 'update', 'Modifier un document', '2026-02-18 06:17:43.79', '2026-04-11 13:03:53.922');
INSERT INTO public.permissions VALUES ('f4723feb-1e7f-43be-83e9-92ef4102d5fb', 'comments:delete', 'comments', 'delete', 'Supprimer un commentaire', '2026-02-18 06:17:43.798', '2026-04-11 13:03:53.927');
INSERT INTO public.permissions VALUES ('7c1d2ac8-cdea-45b3-bf56-ef32634ea454', 'predefined_tasks:create', 'predefined_tasks', 'create', 'Créer une tâche prédéfinie', '2026-03-21 11:26:56.537', '2026-04-11 13:03:53.946');
INSERT INTO public.permissions VALUES ('826b94fd-f46c-4c41-82f4-bdb8e0c59db7', 'analytics:read', 'analytics', 'read', 'Voir les analytics', '2026-02-18 06:17:43.802', '2026-04-11 13:03:53.93');
INSERT INTO public.permissions VALUES ('c87d6879-a453-47ea-82b9-aad3100922d7', 'analytics:export', 'analytics', 'export', 'Exporter les analytics', '2026-02-18 06:17:43.804', '2026-04-11 13:03:53.931');
INSERT INTO public.permissions VALUES ('47b871ff-e7b3-41de-afa4-2275f06ceb24', 'holidays:update', 'holidays', 'update', 'Modifier un jour férié', '2026-02-18 06:17:43.808', '2026-04-11 13:03:53.937');
INSERT INTO public.permissions VALUES ('3d59b659-b6e1-415c-8e52-80fbe55760e4', 'holidays:delete', 'holidays', 'delete', 'Supprimer un jour férié', '2026-02-18 06:17:43.81', '2026-04-11 13:03:53.938');
INSERT INTO public.permissions VALUES ('675acf56-d3e5-4eae-97ad-13dd444ee427', 'predefined_tasks:edit', 'predefined_tasks', 'edit', 'Modifier une tâche prédéfinie', '2026-03-21 11:26:56.538', '2026-04-11 13:03:53.947');
INSERT INTO public.permissions VALUES ('a22af5fe-e084-4a2f-a32d-078f03a48886', 'skills:manage_matrix', 'skills', 'manage_matrix', 'Gérer la matrice de compétences', '2026-02-18 06:17:43.756', '2026-04-11 13:03:53.892');
INSERT INTO public.permissions VALUES ('611d49c3-2023-46dc-9b22-291434f932d6', 'skills:view', 'skills', 'view', 'Voir les compétences (granularité RBAC)', '2026-03-21 11:00:14.609', '2026-04-11 13:03:53.893');
INSERT INTO public.permissions VALUES ('493c94d3-434f-4886-9ad1-e554d73bb2b2', 'users:edit', 'users', 'edit', 'Modifier les utilisateurs (granularité RBAC)', '2026-03-21 11:00:14.621', '2026-04-11 13:03:53.907');
INSERT INTO public.permissions VALUES ('992acabf-24a0-4088-b67f-748c0e3806ce', 'reports:view', 'reports', 'view', 'Voir les rapports', '2026-03-21 11:00:14.64', '2026-04-11 13:03:53.932');
INSERT INTO public.permissions VALUES ('4eb754d5-6aba-4188-977e-0404b2ac09c8', 'telework:manage_recurring', 'telework', 'manage_recurring', 'Gérer les règles de télétravail récurrentes', '2026-03-21 11:26:56.541', '2026-04-11 13:03:53.95');
INSERT INTO public.permissions VALUES ('23c662b9-b6fd-4a1b-b43d-77aa7a82d69e', 'users:reset_password', 'users', 'reset_password', 'Réinitialiser le mot de passe d''un utilisateur', '2026-03-21 11:26:56.542', '2026-04-11 13:03:53.951');
INSERT INTO public.permissions VALUES ('962fb31a-ecc0-4cb5-88ea-0ba7eadd8477', 'projects:create', 'projects', 'create', 'Créer un projet', '2026-02-18 06:17:43.694', '2026-04-11 13:03:53.84');
INSERT INTO public.permissions VALUES ('8b8a06a1-93d4-4084-84db-d43ad4c772b6', 'tasks:manage_any', 'tasks', 'manage_any', 'Modifier ou supprimer n''importe quelle tâche, y compris celles dont on n''est ni assignee ni membre du projet (bypass OwnershipGuard)', '2026-04-19 12:16:36.865', '2026-04-19 12:16:36.865');
INSERT INTO public.permissions VALUES ('d4e8f35e-b407-4fbe-bbd9-50a13b1af79f', 'predefined_tasks:assign', 'predefined_tasks', 'assign', 'Assigner une tâche prédéfinie à un agent', '2026-03-21 11:26:56.54', '2026-04-11 13:03:53.949');
INSERT INTO public.permissions VALUES ('37da4ca4-0dec-4a51-b771-12e309481c25', 'third_parties:read', 'third_parties', 'read', 'Voir les tiers', '2026-04-11 10:12:19.872', '2026-04-11 13:03:53.952');
INSERT INTO public.permissions VALUES ('ab9c4180-eee6-4768-8f31-ec1d6df529ed', 'third_parties:create', 'third_parties', 'create', 'Créer un tiers', '2026-04-11 10:12:19.873', '2026-04-11 13:03:53.953');
INSERT INTO public.permissions VALUES ('f79d7020-4dd2-46e6-af39-114d63f4fd01', 'third_parties:update', 'third_parties', 'update', 'Modifier un tiers', '2026-04-11 10:12:19.874', '2026-04-11 13:03:53.954');
INSERT INTO public.permissions VALUES ('a2a1a74c-f4c4-4812-be4c-0e403dfab480', 'third_parties:delete', 'third_parties', 'delete', 'Supprimer un tiers (hard delete en cascade)', '2026-04-11 10:12:19.875', '2026-04-11 13:03:53.955');
INSERT INTO public.permissions VALUES ('4e58840f-8947-408d-8268-955a1801f60f', 'third_parties:assign_to_task', 'third_parties', 'assign_to_task', 'Assigner un tiers à une tâche', '2026-04-11 10:12:19.876', '2026-04-11 13:03:53.956');
INSERT INTO public.permissions VALUES ('30b0af33-3a78-4b5f-9d0f-5e4d618d4765', 'third_parties:assign_to_project', 'third_parties', 'assign_to_project', 'Rattacher un tiers à un projet', '2026-04-11 10:12:19.877', '2026-04-11 13:03:53.957');
INSERT INTO public.permissions VALUES ('2261c902-1d3e-4407-881d-0a20f073763b', 'time_tracking:declare_for_third_party', 'time_tracking', 'declare_for_third_party', 'Déclarer du temps pour le compte d''un tiers', '2026-04-11 10:12:19.878', '2026-04-11 13:03:53.958');
INSERT INTO public.permissions VALUES ('085c5ada-bf61-4df5-a42d-1d3666dca7e7', 'projects:manage_any', 'projects', 'manage_any', 'Modifier ou supprimer n''importe quel projet, y compris ceux dont on n''est pas propriétaire (bypass OwnershipGuard)', '2026-04-16 12:38:19.383', '2026-04-16 12:38:19.383');
INSERT INTO public.permissions VALUES ('4a142606-f533-4eef-918c-07ab623a85b7', 'tasks:assign_any_user', 'tasks', 'assign_any_user', 'Assigner une tâche à n''importe quel utilisateur, sans restriction de périmètre ni de membres du projet', '2026-04-16 12:38:19.395', '2026-04-16 12:38:19.395');
INSERT INTO public.permissions VALUES ('444c232f-c386-4c60-858d-6b2b925074bc', 'events:manage_any', 'events', 'manage_any', 'Modifier ou supprimer n''importe quel événement, y compris ceux dont on n''est pas créateur (bypass OwnershipGuard)', '2026-04-16 12:38:19.4', '2026-04-16 12:38:19.4');
INSERT INTO public.permissions VALUES ('2911fc31-0693-4a4b-9238-8080a8025dba', 'time_tracking:manage_any', 'time_tracking', 'manage_any', 'Modifier ou supprimer n''importe quelle entrée de temps, y compris celles dont on n''est pas propriétaire (bypass OwnershipGuard)', '2026-04-16 12:38:19.426', '2026-04-16 12:38:19.426');
INSERT INTO public.permissions VALUES ('30e363a1-553f-4f6d-b089-ac3578acec54', 'time_tracking:view_any', 'time_tracking', 'view_any', 'Lister les entrées de temps d''autres utilisateurs (filtre userId cross-user)', '2026-04-16 12:38:19.428', '2026-04-16 12:38:19.428');
INSERT INTO public.permissions VALUES ('960e07e4-a27d-456d-93b2-87a5d9e9e7d0', 'leaves:manage_any', 'leaves', 'manage_any', 'Gérer (lire/modifier/supprimer/valider) n''importe quelle demande de congé sans restriction de périmètre. Réservé à l''administration centrale.', '2026-04-18 20:37:09.111', '2026-04-18 20:37:09.111');


--
-- Data for Name: role_configs; Type: TABLE DATA; Schema: public; Owner: orchestr_a
--

INSERT INTO public.role_configs VALUES ('94b250a3-50ef-4ec4-b907-ee3eba4382b2', 'ADMIN', 'Administrateur', 'Accès complet à toutes les fonctionnalités', true, false, '2026-02-18 06:17:43.812', '2026-04-11 13:03:53.962');
INSERT INTO public.role_configs VALUES ('473fe32a-22c1-43fd-abea-d9798cb5aa57', 'RESPONSABLE', 'Responsable', 'Gestion complète sauf rôles et settings', true, false, '2026-02-18 06:17:43.823', '2026-04-11 13:03:53.965');
INSERT INTO public.role_configs VALUES ('622f2951-3c32-4e07-8ee9-ec8014af352f', 'MANAGER', 'Manager', 'Gestion de projets, tâches, congés équipe', true, false, '2026-02-18 06:17:43.832', '2026-04-11 13:03:53.967');
INSERT INTO public.role_configs VALUES ('f98792f0-7697-4dbd-9bc3-eba26f36704d', 'CHEF_DE_PROJET', 'Chef de Projet', 'Gestion de projets et tâches', true, false, '2026-02-18 06:17:43.838', '2026-04-11 13:03:53.97');
INSERT INTO public.role_configs VALUES ('0007a69c-ec98-4102-9099-24f9c0492440', 'REFERENT_TECHNIQUE', 'Référent Technique', 'Création et modification de tâches dans les projets', true, false, '2026-02-18 06:17:43.844', '2026-04-11 13:03:53.972');
INSERT INTO public.role_configs VALUES ('7d797575-ca37-4ce5-8933-9bd5939ff4a9', 'CONTRIBUTEUR', 'Contributeur', 'Création de tâches orphelines et gestion personnelle', true, false, '2026-02-18 06:17:43.85', '2026-04-11 13:03:53.974');
INSERT INTO public.role_configs VALUES ('3d050ecf-c519-487b-b8a5-e37ffad8de43', 'OBSERVATEUR', 'Observateur', 'Accès en lecture seule', true, false, '2026-02-18 06:17:43.854', '2026-04-11 13:03:53.978');
INSERT INTO public.role_configs VALUES ('019a97f4-75ff-4f2f-bd7c-e333cd6e4657', 'TECHNICIEN_SUPPORT', 'Technicien Support', 'Support technique', true, false, '2026-02-25 00:00:13.069', '2026-04-11 13:03:53.981');
INSERT INTO public.role_configs VALUES ('570bfeaf-e976-40f9-b2e6-ce26c91c1338', 'GESTIONNAIRE_PARC', 'Gestionnaire de Parc', 'Gestion du parc informatique', true, false, '2026-02-25 00:00:13.079', '2026-04-11 13:03:53.983');
INSERT INTO public.role_configs VALUES ('8e58801a-879d-455d-b2aa-a7d4923f1113', 'ADMINISTRATEUR_IML', 'Administrateur IML', 'Administration IML', true, false, '2026-02-25 00:00:13.084', '2026-04-11 13:03:53.986');
INSERT INTO public.role_configs VALUES ('9fadb2a8-5cb5-4f8d-9908-6dd916a116a2', 'DEVELOPPEUR_CONCEPTEUR', 'Développeur Concepteur', 'Développement et conception', true, false, '2026-02-25 00:00:13.088', '2026-04-11 13:03:53.989');
INSERT INTO public.role_configs VALUES ('4470b4fe-df45-4354-904a-f8fa3d8026a9', 'CORRESPONDANT_FONCTIONNEL_APPLICATION', 'Correspondant Fonctionnel Application', 'Référent fonctionnel applicatif', true, false, '2026-02-25 00:00:13.094', '2026-04-11 13:03:53.991');
INSERT INTO public.role_configs VALUES ('38318f60-4962-4736-a02f-48bff6679b99', 'CHARGE_DE_MISSION', 'Chargé de Mission', 'Pilotage de missions', true, false, '2026-02-25 00:00:13.099', '2026-04-11 13:03:53.993');
INSERT INTO public.role_configs VALUES ('ecb0bbc5-89df-4877-8150-c7068bed0d86', 'GESTIONNAIRE_IML', 'Gestionnaire IML', 'Gestion IML', true, false, '2026-02-25 00:00:13.105', '2026-04-11 13:03:53.994');
INSERT INTO public.role_configs VALUES ('a1544450-5923-4911-93a7-1114adf8884b', 'CONSULTANT_TECHNOLOGIE_SI', 'Consultant Technologie SI', 'Conseil en technologies SI', true, false, '2026-02-25 00:00:13.109', '2026-04-11 13:03:53.997');


--
-- Data for Name: role_permissions; Type: TABLE DATA; Schema: public; Owner: orchestr_a
--

INSERT INTO public.role_permissions VALUES ('94b250a3-50ef-4ec4-b907-ee3eba4382b2', '962fb31a-ecc0-4cb5-88ea-0ba7eadd8477');
INSERT INTO public.role_permissions VALUES ('94b250a3-50ef-4ec4-b907-ee3eba4382b2', 'e181ceb8-dea0-4b40-b0b5-4b39b676b23e');
INSERT INTO public.role_permissions VALUES ('94b250a3-50ef-4ec4-b907-ee3eba4382b2', '88a99157-750e-48b7-9d82-221c61356341');
INSERT INTO public.role_permissions VALUES ('94b250a3-50ef-4ec4-b907-ee3eba4382b2', '82a19a42-9872-42db-8440-fe3682cb27a0');
INSERT INTO public.role_permissions VALUES ('94b250a3-50ef-4ec4-b907-ee3eba4382b2', 'fba68333-d8c4-4ba9-8095-0a0e88142372');
INSERT INTO public.role_permissions VALUES ('94b250a3-50ef-4ec4-b907-ee3eba4382b2', '5a58a05d-e682-479b-88b0-8c8f23c4d656');
INSERT INTO public.role_permissions VALUES ('94b250a3-50ef-4ec4-b907-ee3eba4382b2', '4fa42149-27f3-4452-9ab4-69dd4e1ca7ab');
INSERT INTO public.role_permissions VALUES ('94b250a3-50ef-4ec4-b907-ee3eba4382b2', '5f4de22b-0243-4ead-89d3-f1f02bbae93f');
INSERT INTO public.role_permissions VALUES ('94b250a3-50ef-4ec4-b907-ee3eba4382b2', '5e584c11-9682-4385-bc6e-92a83a9abe52');
INSERT INTO public.role_permissions VALUES ('94b250a3-50ef-4ec4-b907-ee3eba4382b2', '480929bc-9568-42fe-aa39-c6f638bc3559');
INSERT INTO public.role_permissions VALUES ('94b250a3-50ef-4ec4-b907-ee3eba4382b2', 'a678334a-0424-41cb-9609-f057bccd9a2b');
INSERT INTO public.role_permissions VALUES ('94b250a3-50ef-4ec4-b907-ee3eba4382b2', '4a28310b-7a91-4ec0-bf75-8bf45a847034');
INSERT INTO public.role_permissions VALUES ('94b250a3-50ef-4ec4-b907-ee3eba4382b2', '8b519136-8498-46a3-9c0a-72c034b1c4b2');
INSERT INTO public.role_permissions VALUES ('94b250a3-50ef-4ec4-b907-ee3eba4382b2', '202fb30d-cbf0-4ac3-9a93-b25dfd80cb66');
INSERT INTO public.role_permissions VALUES ('94b250a3-50ef-4ec4-b907-ee3eba4382b2', '7eeb6afc-18bf-4434-afbb-48d4204918d0');
INSERT INTO public.role_permissions VALUES ('94b250a3-50ef-4ec4-b907-ee3eba4382b2', '5d099235-e8af-4e9e-b6f7-5e63962fe2bc');
INSERT INTO public.role_permissions VALUES ('94b250a3-50ef-4ec4-b907-ee3eba4382b2', 'acec49bd-1bdb-41ec-b1d1-2a88edca7ccb');
INSERT INTO public.role_permissions VALUES ('94b250a3-50ef-4ec4-b907-ee3eba4382b2', 'b44f92ef-cf63-4a98-b20c-f9424b067b5d');
INSERT INTO public.role_permissions VALUES ('94b250a3-50ef-4ec4-b907-ee3eba4382b2', 'b8a92921-3ea2-403c-ba41-238d313cd261');
INSERT INTO public.role_permissions VALUES ('94b250a3-50ef-4ec4-b907-ee3eba4382b2', 'a6c4cc55-2c1c-462d-a69c-d3e131735644');
INSERT INTO public.role_permissions VALUES ('94b250a3-50ef-4ec4-b907-ee3eba4382b2', 'ca51f0d3-61ea-4c36-b7c9-f0fe6aedc7d4');
INSERT INTO public.role_permissions VALUES ('94b250a3-50ef-4ec4-b907-ee3eba4382b2', 'f18e4757-1fdb-46e4-984c-e919dc55985b');
INSERT INTO public.role_permissions VALUES ('94b250a3-50ef-4ec4-b907-ee3eba4382b2', 'e597fde1-886a-4181-b148-22fc16fdaae6');
INSERT INTO public.role_permissions VALUES ('94b250a3-50ef-4ec4-b907-ee3eba4382b2', '866436ef-fd5c-4e81-abfe-ee1e1c403f89');
INSERT INTO public.role_permissions VALUES ('94b250a3-50ef-4ec4-b907-ee3eba4382b2', '4160e1c6-8a21-47ec-8e70-819c495af58e');
INSERT INTO public.role_permissions VALUES ('94b250a3-50ef-4ec4-b907-ee3eba4382b2', '3edcb1c1-057e-4005-b857-828ddbb3e253');
INSERT INTO public.role_permissions VALUES ('94b250a3-50ef-4ec4-b907-ee3eba4382b2', '2c228455-f7f2-4e5f-9387-873f61c7e6a9');
INSERT INTO public.role_permissions VALUES ('94b250a3-50ef-4ec4-b907-ee3eba4382b2', '5676bb33-c647-4f18-8183-3fcc81c27ad1');
INSERT INTO public.role_permissions VALUES ('94b250a3-50ef-4ec4-b907-ee3eba4382b2', '21cf74ed-0408-40b3-93a7-88556622fb74');
INSERT INTO public.role_permissions VALUES ('94b250a3-50ef-4ec4-b907-ee3eba4382b2', '37cf2172-f45e-4ce1-9df7-e04b517dc140');
INSERT INTO public.role_permissions VALUES ('94b250a3-50ef-4ec4-b907-ee3eba4382b2', 'e3a42885-ce42-4cb5-8264-8404b81237d2');
INSERT INTO public.role_permissions VALUES ('94b250a3-50ef-4ec4-b907-ee3eba4382b2', '92fad553-2b08-4ead-abf3-2e3bb8310324');
INSERT INTO public.role_permissions VALUES ('94b250a3-50ef-4ec4-b907-ee3eba4382b2', '5efdb4b2-3f63-4b41-b4bf-f88ec2d97724');
INSERT INTO public.role_permissions VALUES ('94b250a3-50ef-4ec4-b907-ee3eba4382b2', '929dfdeb-c1f8-4b30-95e3-d9a29c653124');
INSERT INTO public.role_permissions VALUES ('94b250a3-50ef-4ec4-b907-ee3eba4382b2', '1772371a-d7eb-45ba-8ed2-dca22556f821');
INSERT INTO public.role_permissions VALUES ('94b250a3-50ef-4ec4-b907-ee3eba4382b2', '66ac439b-db69-4f17-a58b-117bb47c8bea');
INSERT INTO public.role_permissions VALUES ('94b250a3-50ef-4ec4-b907-ee3eba4382b2', 'e435e1f2-dd41-46c9-a1ea-fd49a928c5ef');
INSERT INTO public.role_permissions VALUES ('94b250a3-50ef-4ec4-b907-ee3eba4382b2', '2113a120-bbdd-4278-b86d-0019af245020');
INSERT INTO public.role_permissions VALUES ('94b250a3-50ef-4ec4-b907-ee3eba4382b2', 'a22af5fe-e084-4a2f-a32d-078f03a48886');
INSERT INTO public.role_permissions VALUES ('94b250a3-50ef-4ec4-b907-ee3eba4382b2', 'b84a10be-0eea-4d13-adb8-3ca0d819fecf');
INSERT INTO public.role_permissions VALUES ('94b250a3-50ef-4ec4-b907-ee3eba4382b2', '3fe1c116-c45c-429d-8307-5a9691ff25ad');
INSERT INTO public.role_permissions VALUES ('94b250a3-50ef-4ec4-b907-ee3eba4382b2', '28e00799-98a3-47cf-b580-5219f1630ea4');
INSERT INTO public.role_permissions VALUES ('94b250a3-50ef-4ec4-b907-ee3eba4382b2', 'c8223808-d96c-45c6-8db3-158b768fed80');
INSERT INTO public.role_permissions VALUES ('94b250a3-50ef-4ec4-b907-ee3eba4382b2', 'b6bc2148-f2aa-485b-a7c8-dbdf034d6660');
INSERT INTO public.role_permissions VALUES ('94b250a3-50ef-4ec4-b907-ee3eba4382b2', '633d1322-d2af-4834-88a2-855b8dfd0eb6');
INSERT INTO public.role_permissions VALUES ('94b250a3-50ef-4ec4-b907-ee3eba4382b2', '4af353e4-e8db-4e69-ad03-c7664cd3c17b');
INSERT INTO public.role_permissions VALUES ('94b250a3-50ef-4ec4-b907-ee3eba4382b2', 'da578f5f-db4d-4596-a8b5-485e03ea53c7');
INSERT INTO public.role_permissions VALUES ('94b250a3-50ef-4ec4-b907-ee3eba4382b2', 'cd5c9163-69e2-4a0c-8a9a-86e40e1a6bb3');
INSERT INTO public.role_permissions VALUES ('94b250a3-50ef-4ec4-b907-ee3eba4382b2', 'c2ed4604-484b-40a9-90ed-900173579193');
INSERT INTO public.role_permissions VALUES ('94b250a3-50ef-4ec4-b907-ee3eba4382b2', '1499778c-f1bf-4e32-89da-474b4e41eda5');
INSERT INTO public.role_permissions VALUES ('94b250a3-50ef-4ec4-b907-ee3eba4382b2', '5a653c7c-4b64-4afe-9650-0efd76d8452a');
INSERT INTO public.role_permissions VALUES ('94b250a3-50ef-4ec4-b907-ee3eba4382b2', '4e326d3a-37ac-48f6-912f-1b3f9ef25ac3');
INSERT INTO public.role_permissions VALUES ('94b250a3-50ef-4ec4-b907-ee3eba4382b2', 'a9a62709-ff7b-47cf-b5cd-1768c4a1b32b');
INSERT INTO public.role_permissions VALUES ('94b250a3-50ef-4ec4-b907-ee3eba4382b2', '6b1bb16c-8a9e-4172-8fad-76155e028b71');
INSERT INTO public.role_permissions VALUES ('94b250a3-50ef-4ec4-b907-ee3eba4382b2', '9489e3bc-5725-40c6-9d0c-d8213b233722');
INSERT INTO public.role_permissions VALUES ('94b250a3-50ef-4ec4-b907-ee3eba4382b2', '119e2364-41e6-4d6a-aacb-3d92d051469d');
INSERT INTO public.role_permissions VALUES ('94b250a3-50ef-4ec4-b907-ee3eba4382b2', '94c16f34-0f2b-4950-835c-e2d53d4ddc43');
INSERT INTO public.role_permissions VALUES ('94b250a3-50ef-4ec4-b907-ee3eba4382b2', 'd3596fc7-dfc3-450b-9dc9-ede64ebcf157');
INSERT INTO public.role_permissions VALUES ('94b250a3-50ef-4ec4-b907-ee3eba4382b2', 'bf72db02-18c0-4b66-8e58-ad16cd7ffa79');
INSERT INTO public.role_permissions VALUES ('94b250a3-50ef-4ec4-b907-ee3eba4382b2', '285b0221-ef28-4ac7-81d9-c7e477fb710e');
INSERT INTO public.role_permissions VALUES ('94b250a3-50ef-4ec4-b907-ee3eba4382b2', '6d7770bd-c8e2-4b01-a630-25965c30dcd1');
INSERT INTO public.role_permissions VALUES ('94b250a3-50ef-4ec4-b907-ee3eba4382b2', '9bd7d899-d5f8-4758-8762-122e08914007');
INSERT INTO public.role_permissions VALUES ('94b250a3-50ef-4ec4-b907-ee3eba4382b2', '819f6d81-94f6-4491-a3a1-fdaff7226b9b');
INSERT INTO public.role_permissions VALUES ('94b250a3-50ef-4ec4-b907-ee3eba4382b2', '96bbb840-fe77-42cf-905d-be3fc3d12dfe');
INSERT INTO public.role_permissions VALUES ('94b250a3-50ef-4ec4-b907-ee3eba4382b2', 'c250bb70-58ec-4877-8b05-c36cdcfaf426');
INSERT INTO public.role_permissions VALUES ('94b250a3-50ef-4ec4-b907-ee3eba4382b2', 'f4723feb-1e7f-43be-83e9-92ef4102d5fb');
INSERT INTO public.role_permissions VALUES ('94b250a3-50ef-4ec4-b907-ee3eba4382b2', 'e417030d-594e-470d-9a48-a65782d9644c');
INSERT INTO public.role_permissions VALUES ('94b250a3-50ef-4ec4-b907-ee3eba4382b2', '94d15961-29a4-4c70-a28d-ca5eda018f4e');
INSERT INTO public.role_permissions VALUES ('94b250a3-50ef-4ec4-b907-ee3eba4382b2', '826b94fd-f46c-4c41-82f4-bdb8e0c59db7');
INSERT INTO public.role_permissions VALUES ('94b250a3-50ef-4ec4-b907-ee3eba4382b2', 'c87d6879-a453-47ea-82b9-aad3100922d7');
INSERT INTO public.role_permissions VALUES ('94b250a3-50ef-4ec4-b907-ee3eba4382b2', '9a5412b3-c400-4fb7-a647-72d176b0624e');
INSERT INTO public.role_permissions VALUES ('94b250a3-50ef-4ec4-b907-ee3eba4382b2', '8898989b-6ee5-4fa4-b70f-c1afb902b55a');
INSERT INTO public.role_permissions VALUES ('94b250a3-50ef-4ec4-b907-ee3eba4382b2', '47b871ff-e7b3-41de-afa4-2275f06ceb24');
INSERT INTO public.role_permissions VALUES ('94b250a3-50ef-4ec4-b907-ee3eba4382b2', '3d59b659-b6e1-415c-8e52-80fbe55760e4');
INSERT INTO public.role_permissions VALUES ('473fe32a-22c1-43fd-abea-d9798cb5aa57', '962fb31a-ecc0-4cb5-88ea-0ba7eadd8477');
INSERT INTO public.role_permissions VALUES ('473fe32a-22c1-43fd-abea-d9798cb5aa57', 'e181ceb8-dea0-4b40-b0b5-4b39b676b23e');
INSERT INTO public.role_permissions VALUES ('473fe32a-22c1-43fd-abea-d9798cb5aa57', '88a99157-750e-48b7-9d82-221c61356341');
INSERT INTO public.role_permissions VALUES ('473fe32a-22c1-43fd-abea-d9798cb5aa57', '82a19a42-9872-42db-8440-fe3682cb27a0');
INSERT INTO public.role_permissions VALUES ('473fe32a-22c1-43fd-abea-d9798cb5aa57', 'fba68333-d8c4-4ba9-8095-0a0e88142372');
INSERT INTO public.role_permissions VALUES ('473fe32a-22c1-43fd-abea-d9798cb5aa57', '5a58a05d-e682-479b-88b0-8c8f23c4d656');
INSERT INTO public.role_permissions VALUES ('473fe32a-22c1-43fd-abea-d9798cb5aa57', '4fa42149-27f3-4452-9ab4-69dd4e1ca7ab');
INSERT INTO public.role_permissions VALUES ('473fe32a-22c1-43fd-abea-d9798cb5aa57', '5f4de22b-0243-4ead-89d3-f1f02bbae93f');
INSERT INTO public.role_permissions VALUES ('473fe32a-22c1-43fd-abea-d9798cb5aa57', '5e584c11-9682-4385-bc6e-92a83a9abe52');
INSERT INTO public.role_permissions VALUES ('473fe32a-22c1-43fd-abea-d9798cb5aa57', '480929bc-9568-42fe-aa39-c6f638bc3559');
INSERT INTO public.role_permissions VALUES ('473fe32a-22c1-43fd-abea-d9798cb5aa57', 'a678334a-0424-41cb-9609-f057bccd9a2b');
INSERT INTO public.role_permissions VALUES ('473fe32a-22c1-43fd-abea-d9798cb5aa57', '4a28310b-7a91-4ec0-bf75-8bf45a847034');
INSERT INTO public.role_permissions VALUES ('473fe32a-22c1-43fd-abea-d9798cb5aa57', '8b519136-8498-46a3-9c0a-72c034b1c4b2');
INSERT INTO public.role_permissions VALUES ('473fe32a-22c1-43fd-abea-d9798cb5aa57', '202fb30d-cbf0-4ac3-9a93-b25dfd80cb66');
INSERT INTO public.role_permissions VALUES ('473fe32a-22c1-43fd-abea-d9798cb5aa57', '7eeb6afc-18bf-4434-afbb-48d4204918d0');
INSERT INTO public.role_permissions VALUES ('473fe32a-22c1-43fd-abea-d9798cb5aa57', '5d099235-e8af-4e9e-b6f7-5e63962fe2bc');
INSERT INTO public.role_permissions VALUES ('473fe32a-22c1-43fd-abea-d9798cb5aa57', 'acec49bd-1bdb-41ec-b1d1-2a88edca7ccb');
INSERT INTO public.role_permissions VALUES ('473fe32a-22c1-43fd-abea-d9798cb5aa57', 'b44f92ef-cf63-4a98-b20c-f9424b067b5d');
INSERT INTO public.role_permissions VALUES ('473fe32a-22c1-43fd-abea-d9798cb5aa57', 'b8a92921-3ea2-403c-ba41-238d313cd261');
INSERT INTO public.role_permissions VALUES ('473fe32a-22c1-43fd-abea-d9798cb5aa57', 'a6c4cc55-2c1c-462d-a69c-d3e131735644');
INSERT INTO public.role_permissions VALUES ('473fe32a-22c1-43fd-abea-d9798cb5aa57', 'ca51f0d3-61ea-4c36-b7c9-f0fe6aedc7d4');
INSERT INTO public.role_permissions VALUES ('473fe32a-22c1-43fd-abea-d9798cb5aa57', 'f18e4757-1fdb-46e4-984c-e919dc55985b');
INSERT INTO public.role_permissions VALUES ('473fe32a-22c1-43fd-abea-d9798cb5aa57', 'e597fde1-886a-4181-b148-22fc16fdaae6');
INSERT INTO public.role_permissions VALUES ('473fe32a-22c1-43fd-abea-d9798cb5aa57', '866436ef-fd5c-4e81-abfe-ee1e1c403f89');
INSERT INTO public.role_permissions VALUES ('473fe32a-22c1-43fd-abea-d9798cb5aa57', '4160e1c6-8a21-47ec-8e70-819c495af58e');
INSERT INTO public.role_permissions VALUES ('473fe32a-22c1-43fd-abea-d9798cb5aa57', '3edcb1c1-057e-4005-b857-828ddbb3e253');
INSERT INTO public.role_permissions VALUES ('473fe32a-22c1-43fd-abea-d9798cb5aa57', '2c228455-f7f2-4e5f-9387-873f61c7e6a9');
INSERT INTO public.role_permissions VALUES ('473fe32a-22c1-43fd-abea-d9798cb5aa57', '5676bb33-c647-4f18-8183-3fcc81c27ad1');
INSERT INTO public.role_permissions VALUES ('473fe32a-22c1-43fd-abea-d9798cb5aa57', '21cf74ed-0408-40b3-93a7-88556622fb74');
INSERT INTO public.role_permissions VALUES ('473fe32a-22c1-43fd-abea-d9798cb5aa57', '37cf2172-f45e-4ce1-9df7-e04b517dc140');
INSERT INTO public.role_permissions VALUES ('473fe32a-22c1-43fd-abea-d9798cb5aa57', 'e3a42885-ce42-4cb5-8264-8404b81237d2');
INSERT INTO public.role_permissions VALUES ('473fe32a-22c1-43fd-abea-d9798cb5aa57', '92fad553-2b08-4ead-abf3-2e3bb8310324');
INSERT INTO public.role_permissions VALUES ('473fe32a-22c1-43fd-abea-d9798cb5aa57', '5efdb4b2-3f63-4b41-b4bf-f88ec2d97724');
INSERT INTO public.role_permissions VALUES ('473fe32a-22c1-43fd-abea-d9798cb5aa57', '929dfdeb-c1f8-4b30-95e3-d9a29c653124');
INSERT INTO public.role_permissions VALUES ('473fe32a-22c1-43fd-abea-d9798cb5aa57', '1772371a-d7eb-45ba-8ed2-dca22556f821');
INSERT INTO public.role_permissions VALUES ('473fe32a-22c1-43fd-abea-d9798cb5aa57', '66ac439b-db69-4f17-a58b-117bb47c8bea');
INSERT INTO public.role_permissions VALUES ('473fe32a-22c1-43fd-abea-d9798cb5aa57', 'e435e1f2-dd41-46c9-a1ea-fd49a928c5ef');
INSERT INTO public.role_permissions VALUES ('473fe32a-22c1-43fd-abea-d9798cb5aa57', '2113a120-bbdd-4278-b86d-0019af245020');
INSERT INTO public.role_permissions VALUES ('473fe32a-22c1-43fd-abea-d9798cb5aa57', 'a22af5fe-e084-4a2f-a32d-078f03a48886');
INSERT INTO public.role_permissions VALUES ('473fe32a-22c1-43fd-abea-d9798cb5aa57', 'b84a10be-0eea-4d13-adb8-3ca0d819fecf');
INSERT INTO public.role_permissions VALUES ('473fe32a-22c1-43fd-abea-d9798cb5aa57', '3fe1c116-c45c-429d-8307-5a9691ff25ad');
INSERT INTO public.role_permissions VALUES ('473fe32a-22c1-43fd-abea-d9798cb5aa57', '28e00799-98a3-47cf-b580-5219f1630ea4');
INSERT INTO public.role_permissions VALUES ('473fe32a-22c1-43fd-abea-d9798cb5aa57', 'c8223808-d96c-45c6-8db3-158b768fed80');
INSERT INTO public.role_permissions VALUES ('473fe32a-22c1-43fd-abea-d9798cb5aa57', 'b6bc2148-f2aa-485b-a7c8-dbdf034d6660');
INSERT INTO public.role_permissions VALUES ('473fe32a-22c1-43fd-abea-d9798cb5aa57', '633d1322-d2af-4834-88a2-855b8dfd0eb6');
INSERT INTO public.role_permissions VALUES ('473fe32a-22c1-43fd-abea-d9798cb5aa57', '4af353e4-e8db-4e69-ad03-c7664cd3c17b');
INSERT INTO public.role_permissions VALUES ('473fe32a-22c1-43fd-abea-d9798cb5aa57', 'da578f5f-db4d-4596-a8b5-485e03ea53c7');
INSERT INTO public.role_permissions VALUES ('473fe32a-22c1-43fd-abea-d9798cb5aa57', 'cd5c9163-69e2-4a0c-8a9a-86e40e1a6bb3');
INSERT INTO public.role_permissions VALUES ('473fe32a-22c1-43fd-abea-d9798cb5aa57', 'c2ed4604-484b-40a9-90ed-900173579193');
INSERT INTO public.role_permissions VALUES ('473fe32a-22c1-43fd-abea-d9798cb5aa57', '5a653c7c-4b64-4afe-9650-0efd76d8452a');
INSERT INTO public.role_permissions VALUES ('473fe32a-22c1-43fd-abea-d9798cb5aa57', '4e326d3a-37ac-48f6-912f-1b3f9ef25ac3');
INSERT INTO public.role_permissions VALUES ('473fe32a-22c1-43fd-abea-d9798cb5aa57', 'a9a62709-ff7b-47cf-b5cd-1768c4a1b32b');
INSERT INTO public.role_permissions VALUES ('473fe32a-22c1-43fd-abea-d9798cb5aa57', '6b1bb16c-8a9e-4172-8fad-76155e028b71');
INSERT INTO public.role_permissions VALUES ('473fe32a-22c1-43fd-abea-d9798cb5aa57', '9489e3bc-5725-40c6-9d0c-d8213b233722');
INSERT INTO public.role_permissions VALUES ('473fe32a-22c1-43fd-abea-d9798cb5aa57', '119e2364-41e6-4d6a-aacb-3d92d051469d');
INSERT INTO public.role_permissions VALUES ('473fe32a-22c1-43fd-abea-d9798cb5aa57', '94c16f34-0f2b-4950-835c-e2d53d4ddc43');
INSERT INTO public.role_permissions VALUES ('473fe32a-22c1-43fd-abea-d9798cb5aa57', 'd3596fc7-dfc3-450b-9dc9-ede64ebcf157');
INSERT INTO public.role_permissions VALUES ('473fe32a-22c1-43fd-abea-d9798cb5aa57', 'bf72db02-18c0-4b66-8e58-ad16cd7ffa79');
INSERT INTO public.role_permissions VALUES ('473fe32a-22c1-43fd-abea-d9798cb5aa57', '285b0221-ef28-4ac7-81d9-c7e477fb710e');
INSERT INTO public.role_permissions VALUES ('473fe32a-22c1-43fd-abea-d9798cb5aa57', '6d7770bd-c8e2-4b01-a630-25965c30dcd1');
INSERT INTO public.role_permissions VALUES ('473fe32a-22c1-43fd-abea-d9798cb5aa57', '9bd7d899-d5f8-4758-8762-122e08914007');
INSERT INTO public.role_permissions VALUES ('473fe32a-22c1-43fd-abea-d9798cb5aa57', '819f6d81-94f6-4491-a3a1-fdaff7226b9b');
INSERT INTO public.role_permissions VALUES ('473fe32a-22c1-43fd-abea-d9798cb5aa57', '96bbb840-fe77-42cf-905d-be3fc3d12dfe');
INSERT INTO public.role_permissions VALUES ('473fe32a-22c1-43fd-abea-d9798cb5aa57', 'c250bb70-58ec-4877-8b05-c36cdcfaf426');
INSERT INTO public.role_permissions VALUES ('473fe32a-22c1-43fd-abea-d9798cb5aa57', 'f4723feb-1e7f-43be-83e9-92ef4102d5fb');
INSERT INTO public.role_permissions VALUES ('473fe32a-22c1-43fd-abea-d9798cb5aa57', 'e417030d-594e-470d-9a48-a65782d9644c');
INSERT INTO public.role_permissions VALUES ('473fe32a-22c1-43fd-abea-d9798cb5aa57', '826b94fd-f46c-4c41-82f4-bdb8e0c59db7');
INSERT INTO public.role_permissions VALUES ('473fe32a-22c1-43fd-abea-d9798cb5aa57', 'c87d6879-a453-47ea-82b9-aad3100922d7');
INSERT INTO public.role_permissions VALUES ('473fe32a-22c1-43fd-abea-d9798cb5aa57', '9a5412b3-c400-4fb7-a647-72d176b0624e');
INSERT INTO public.role_permissions VALUES ('473fe32a-22c1-43fd-abea-d9798cb5aa57', '8898989b-6ee5-4fa4-b70f-c1afb902b55a');
INSERT INTO public.role_permissions VALUES ('473fe32a-22c1-43fd-abea-d9798cb5aa57', '47b871ff-e7b3-41de-afa4-2275f06ceb24');
INSERT INTO public.role_permissions VALUES ('473fe32a-22c1-43fd-abea-d9798cb5aa57', '3d59b659-b6e1-415c-8e52-80fbe55760e4');
INSERT INTO public.role_permissions VALUES ('622f2951-3c32-4e07-8ee9-ec8014af352f', '962fb31a-ecc0-4cb5-88ea-0ba7eadd8477');
INSERT INTO public.role_permissions VALUES ('622f2951-3c32-4e07-8ee9-ec8014af352f', 'e181ceb8-dea0-4b40-b0b5-4b39b676b23e');
INSERT INTO public.role_permissions VALUES ('622f2951-3c32-4e07-8ee9-ec8014af352f', '88a99157-750e-48b7-9d82-221c61356341');
INSERT INTO public.role_permissions VALUES ('622f2951-3c32-4e07-8ee9-ec8014af352f', '82a19a42-9872-42db-8440-fe3682cb27a0');
INSERT INTO public.role_permissions VALUES ('622f2951-3c32-4e07-8ee9-ec8014af352f', 'fba68333-d8c4-4ba9-8095-0a0e88142372');
INSERT INTO public.role_permissions VALUES ('622f2951-3c32-4e07-8ee9-ec8014af352f', '5a58a05d-e682-479b-88b0-8c8f23c4d656');
INSERT INTO public.role_permissions VALUES ('622f2951-3c32-4e07-8ee9-ec8014af352f', '4fa42149-27f3-4452-9ab4-69dd4e1ca7ab');
INSERT INTO public.role_permissions VALUES ('622f2951-3c32-4e07-8ee9-ec8014af352f', '5f4de22b-0243-4ead-89d3-f1f02bbae93f');
INSERT INTO public.role_permissions VALUES ('622f2951-3c32-4e07-8ee9-ec8014af352f', '5e584c11-9682-4385-bc6e-92a83a9abe52');
INSERT INTO public.role_permissions VALUES ('622f2951-3c32-4e07-8ee9-ec8014af352f', '480929bc-9568-42fe-aa39-c6f638bc3559');
INSERT INTO public.role_permissions VALUES ('622f2951-3c32-4e07-8ee9-ec8014af352f', '4a28310b-7a91-4ec0-bf75-8bf45a847034');
INSERT INTO public.role_permissions VALUES ('622f2951-3c32-4e07-8ee9-ec8014af352f', '8b519136-8498-46a3-9c0a-72c034b1c4b2');
INSERT INTO public.role_permissions VALUES ('622f2951-3c32-4e07-8ee9-ec8014af352f', '202fb30d-cbf0-4ac3-9a93-b25dfd80cb66');
INSERT INTO public.role_permissions VALUES ('622f2951-3c32-4e07-8ee9-ec8014af352f', '7eeb6afc-18bf-4434-afbb-48d4204918d0');
INSERT INTO public.role_permissions VALUES ('622f2951-3c32-4e07-8ee9-ec8014af352f', '5d099235-e8af-4e9e-b6f7-5e63962fe2bc');
INSERT INTO public.role_permissions VALUES ('622f2951-3c32-4e07-8ee9-ec8014af352f', 'acec49bd-1bdb-41ec-b1d1-2a88edca7ccb');
INSERT INTO public.role_permissions VALUES ('622f2951-3c32-4e07-8ee9-ec8014af352f', 'b44f92ef-cf63-4a98-b20c-f9424b067b5d');
INSERT INTO public.role_permissions VALUES ('622f2951-3c32-4e07-8ee9-ec8014af352f', 'b8a92921-3ea2-403c-ba41-238d313cd261');
INSERT INTO public.role_permissions VALUES ('622f2951-3c32-4e07-8ee9-ec8014af352f', 'a6c4cc55-2c1c-462d-a69c-d3e131735644');
INSERT INTO public.role_permissions VALUES ('622f2951-3c32-4e07-8ee9-ec8014af352f', 'ca51f0d3-61ea-4c36-b7c9-f0fe6aedc7d4');
INSERT INTO public.role_permissions VALUES ('622f2951-3c32-4e07-8ee9-ec8014af352f', 'f18e4757-1fdb-46e4-984c-e919dc55985b');
INSERT INTO public.role_permissions VALUES ('622f2951-3c32-4e07-8ee9-ec8014af352f', 'e597fde1-886a-4181-b148-22fc16fdaae6');
INSERT INTO public.role_permissions VALUES ('622f2951-3c32-4e07-8ee9-ec8014af352f', 'b84a10be-0eea-4d13-adb8-3ca0d819fecf');
INSERT INTO public.role_permissions VALUES ('622f2951-3c32-4e07-8ee9-ec8014af352f', '3fe1c116-c45c-429d-8307-5a9691ff25ad');
INSERT INTO public.role_permissions VALUES ('622f2951-3c32-4e07-8ee9-ec8014af352f', '28e00799-98a3-47cf-b580-5219f1630ea4');
INSERT INTO public.role_permissions VALUES ('622f2951-3c32-4e07-8ee9-ec8014af352f', 'c8223808-d96c-45c6-8db3-158b768fed80');
INSERT INTO public.role_permissions VALUES ('622f2951-3c32-4e07-8ee9-ec8014af352f', 'bf72db02-18c0-4b66-8e58-ad16cd7ffa79');
INSERT INTO public.role_permissions VALUES ('622f2951-3c32-4e07-8ee9-ec8014af352f', '285b0221-ef28-4ac7-81d9-c7e477fb710e');
INSERT INTO public.role_permissions VALUES ('622f2951-3c32-4e07-8ee9-ec8014af352f', '6d7770bd-c8e2-4b01-a630-25965c30dcd1');
INSERT INTO public.role_permissions VALUES ('622f2951-3c32-4e07-8ee9-ec8014af352f', '9bd7d899-d5f8-4758-8762-122e08914007');
INSERT INTO public.role_permissions VALUES ('622f2951-3c32-4e07-8ee9-ec8014af352f', '819f6d81-94f6-4491-a3a1-fdaff7226b9b');
INSERT INTO public.role_permissions VALUES ('622f2951-3c32-4e07-8ee9-ec8014af352f', '96bbb840-fe77-42cf-905d-be3fc3d12dfe');
INSERT INTO public.role_permissions VALUES ('622f2951-3c32-4e07-8ee9-ec8014af352f', 'c250bb70-58ec-4877-8b05-c36cdcfaf426');
INSERT INTO public.role_permissions VALUES ('622f2951-3c32-4e07-8ee9-ec8014af352f', 'f4723feb-1e7f-43be-83e9-92ef4102d5fb');
INSERT INTO public.role_permissions VALUES ('622f2951-3c32-4e07-8ee9-ec8014af352f', '4160e1c6-8a21-47ec-8e70-819c495af58e');
INSERT INTO public.role_permissions VALUES ('622f2951-3c32-4e07-8ee9-ec8014af352f', '5676bb33-c647-4f18-8183-3fcc81c27ad1');
INSERT INTO public.role_permissions VALUES ('f98792f0-7697-4dbd-9bc3-eba26f36704d', '962fb31a-ecc0-4cb5-88ea-0ba7eadd8477');
INSERT INTO public.role_permissions VALUES ('f98792f0-7697-4dbd-9bc3-eba26f36704d', 'e181ceb8-dea0-4b40-b0b5-4b39b676b23e');
INSERT INTO public.role_permissions VALUES ('f98792f0-7697-4dbd-9bc3-eba26f36704d', '88a99157-750e-48b7-9d82-221c61356341');
INSERT INTO public.role_permissions VALUES ('f98792f0-7697-4dbd-9bc3-eba26f36704d', '82a19a42-9872-42db-8440-fe3682cb27a0');
INSERT INTO public.role_permissions VALUES ('f98792f0-7697-4dbd-9bc3-eba26f36704d', 'fba68333-d8c4-4ba9-8095-0a0e88142372');
INSERT INTO public.role_permissions VALUES ('f98792f0-7697-4dbd-9bc3-eba26f36704d', '5a58a05d-e682-479b-88b0-8c8f23c4d656');
INSERT INTO public.role_permissions VALUES ('f98792f0-7697-4dbd-9bc3-eba26f36704d', '4fa42149-27f3-4452-9ab4-69dd4e1ca7ab');
INSERT INTO public.role_permissions VALUES ('f98792f0-7697-4dbd-9bc3-eba26f36704d', '5f4de22b-0243-4ead-89d3-f1f02bbae93f');
INSERT INTO public.role_permissions VALUES ('f98792f0-7697-4dbd-9bc3-eba26f36704d', '5e584c11-9682-4385-bc6e-92a83a9abe52');
INSERT INTO public.role_permissions VALUES ('f98792f0-7697-4dbd-9bc3-eba26f36704d', '480929bc-9568-42fe-aa39-c6f638bc3559');
INSERT INTO public.role_permissions VALUES ('f98792f0-7697-4dbd-9bc3-eba26f36704d', '4a28310b-7a91-4ec0-bf75-8bf45a847034');
INSERT INTO public.role_permissions VALUES ('f98792f0-7697-4dbd-9bc3-eba26f36704d', '8b519136-8498-46a3-9c0a-72c034b1c4b2');
INSERT INTO public.role_permissions VALUES ('f98792f0-7697-4dbd-9bc3-eba26f36704d', '202fb30d-cbf0-4ac3-9a93-b25dfd80cb66');
INSERT INTO public.role_permissions VALUES ('f98792f0-7697-4dbd-9bc3-eba26f36704d', '7eeb6afc-18bf-4434-afbb-48d4204918d0');
INSERT INTO public.role_permissions VALUES ('f98792f0-7697-4dbd-9bc3-eba26f36704d', '5d099235-e8af-4e9e-b6f7-5e63962fe2bc');
INSERT INTO public.role_permissions VALUES ('f98792f0-7697-4dbd-9bc3-eba26f36704d', 'acec49bd-1bdb-41ec-b1d1-2a88edca7ccb');
INSERT INTO public.role_permissions VALUES ('f98792f0-7697-4dbd-9bc3-eba26f36704d', 'b44f92ef-cf63-4a98-b20c-f9424b067b5d');
INSERT INTO public.role_permissions VALUES ('f98792f0-7697-4dbd-9bc3-eba26f36704d', 'b8a92921-3ea2-403c-ba41-238d313cd261');
INSERT INTO public.role_permissions VALUES ('f98792f0-7697-4dbd-9bc3-eba26f36704d', 'a6c4cc55-2c1c-462d-a69c-d3e131735644');
INSERT INTO public.role_permissions VALUES ('f98792f0-7697-4dbd-9bc3-eba26f36704d', 'ca51f0d3-61ea-4c36-b7c9-f0fe6aedc7d4');
INSERT INTO public.role_permissions VALUES ('f98792f0-7697-4dbd-9bc3-eba26f36704d', 'f18e4757-1fdb-46e4-984c-e919dc55985b');
INSERT INTO public.role_permissions VALUES ('f98792f0-7697-4dbd-9bc3-eba26f36704d', 'e597fde1-886a-4181-b148-22fc16fdaae6');
INSERT INTO public.role_permissions VALUES ('f98792f0-7697-4dbd-9bc3-eba26f36704d', 'b84a10be-0eea-4d13-adb8-3ca0d819fecf');
INSERT INTO public.role_permissions VALUES ('f98792f0-7697-4dbd-9bc3-eba26f36704d', '3fe1c116-c45c-429d-8307-5a9691ff25ad');
INSERT INTO public.role_permissions VALUES ('f98792f0-7697-4dbd-9bc3-eba26f36704d', '28e00799-98a3-47cf-b580-5219f1630ea4');
INSERT INTO public.role_permissions VALUES ('f98792f0-7697-4dbd-9bc3-eba26f36704d', 'c8223808-d96c-45c6-8db3-158b768fed80');
INSERT INTO public.role_permissions VALUES ('f98792f0-7697-4dbd-9bc3-eba26f36704d', 'bf72db02-18c0-4b66-8e58-ad16cd7ffa79');
INSERT INTO public.role_permissions VALUES ('f98792f0-7697-4dbd-9bc3-eba26f36704d', '285b0221-ef28-4ac7-81d9-c7e477fb710e');
INSERT INTO public.role_permissions VALUES ('f98792f0-7697-4dbd-9bc3-eba26f36704d', '6d7770bd-c8e2-4b01-a630-25965c30dcd1');
INSERT INTO public.role_permissions VALUES ('f98792f0-7697-4dbd-9bc3-eba26f36704d', '9bd7d899-d5f8-4758-8762-122e08914007');
INSERT INTO public.role_permissions VALUES ('f98792f0-7697-4dbd-9bc3-eba26f36704d', '819f6d81-94f6-4491-a3a1-fdaff7226b9b');
INSERT INTO public.role_permissions VALUES ('f98792f0-7697-4dbd-9bc3-eba26f36704d', '96bbb840-fe77-42cf-905d-be3fc3d12dfe');
INSERT INTO public.role_permissions VALUES ('f98792f0-7697-4dbd-9bc3-eba26f36704d', 'c250bb70-58ec-4877-8b05-c36cdcfaf426');
INSERT INTO public.role_permissions VALUES ('f98792f0-7697-4dbd-9bc3-eba26f36704d', 'f4723feb-1e7f-43be-83e9-92ef4102d5fb');
INSERT INTO public.role_permissions VALUES ('0007a69c-ec98-4102-9099-24f9c0492440', '480929bc-9568-42fe-aa39-c6f638bc3559');
INSERT INTO public.role_permissions VALUES ('0007a69c-ec98-4102-9099-24f9c0492440', '4fa42149-27f3-4452-9ab4-69dd4e1ca7ab');
INSERT INTO public.role_permissions VALUES ('0007a69c-ec98-4102-9099-24f9c0492440', '5f4de22b-0243-4ead-89d3-f1f02bbae93f');
INSERT INTO public.role_permissions VALUES ('0007a69c-ec98-4102-9099-24f9c0492440', '4a28310b-7a91-4ec0-bf75-8bf45a847034');
INSERT INTO public.role_permissions VALUES ('0007a69c-ec98-4102-9099-24f9c0492440', '8b519136-8498-46a3-9c0a-72c034b1c4b2');
INSERT INTO public.role_permissions VALUES ('0007a69c-ec98-4102-9099-24f9c0492440', '202fb30d-cbf0-4ac3-9a93-b25dfd80cb66');
INSERT INTO public.role_permissions VALUES ('0007a69c-ec98-4102-9099-24f9c0492440', '7eeb6afc-18bf-4434-afbb-48d4204918d0');
INSERT INTO public.role_permissions VALUES ('0007a69c-ec98-4102-9099-24f9c0492440', 'b84a10be-0eea-4d13-adb8-3ca0d819fecf');
INSERT INTO public.role_permissions VALUES ('0007a69c-ec98-4102-9099-24f9c0492440', '3fe1c116-c45c-429d-8307-5a9691ff25ad');
INSERT INTO public.role_permissions VALUES ('0007a69c-ec98-4102-9099-24f9c0492440', '28e00799-98a3-47cf-b580-5219f1630ea4');
INSERT INTO public.role_permissions VALUES ('0007a69c-ec98-4102-9099-24f9c0492440', 'c8223808-d96c-45c6-8db3-158b768fed80');
INSERT INTO public.role_permissions VALUES ('0007a69c-ec98-4102-9099-24f9c0492440', 'bf72db02-18c0-4b66-8e58-ad16cd7ffa79');
INSERT INTO public.role_permissions VALUES ('0007a69c-ec98-4102-9099-24f9c0492440', '285b0221-ef28-4ac7-81d9-c7e477fb710e');
INSERT INTO public.role_permissions VALUES ('0007a69c-ec98-4102-9099-24f9c0492440', '6d7770bd-c8e2-4b01-a630-25965c30dcd1');
INSERT INTO public.role_permissions VALUES ('0007a69c-ec98-4102-9099-24f9c0492440', '9bd7d899-d5f8-4758-8762-122e08914007');
INSERT INTO public.role_permissions VALUES ('0007a69c-ec98-4102-9099-24f9c0492440', '819f6d81-94f6-4491-a3a1-fdaff7226b9b');
INSERT INTO public.role_permissions VALUES ('0007a69c-ec98-4102-9099-24f9c0492440', '96bbb840-fe77-42cf-905d-be3fc3d12dfe');
INSERT INTO public.role_permissions VALUES ('0007a69c-ec98-4102-9099-24f9c0492440', 'c250bb70-58ec-4877-8b05-c36cdcfaf426');
INSERT INTO public.role_permissions VALUES ('0007a69c-ec98-4102-9099-24f9c0492440', 'f4723feb-1e7f-43be-83e9-92ef4102d5fb');
INSERT INTO public.role_permissions VALUES ('0007a69c-ec98-4102-9099-24f9c0492440', '1772371a-d7eb-45ba-8ed2-dca22556f821');
INSERT INTO public.role_permissions VALUES ('0007a69c-ec98-4102-9099-24f9c0492440', '66ac439b-db69-4f17-a58b-117bb47c8bea');
INSERT INTO public.role_permissions VALUES ('0007a69c-ec98-4102-9099-24f9c0492440', 'e435e1f2-dd41-46c9-a1ea-fd49a928c5ef');
INSERT INTO public.role_permissions VALUES ('0007a69c-ec98-4102-9099-24f9c0492440', '2113a120-bbdd-4278-b86d-0019af245020');
INSERT INTO public.role_permissions VALUES ('0007a69c-ec98-4102-9099-24f9c0492440', 'a22af5fe-e084-4a2f-a32d-078f03a48886');
INSERT INTO public.role_permissions VALUES ('7d797575-ca37-4ce5-8933-9bd5939ff4a9', 'a678334a-0424-41cb-9609-f057bccd9a2b');
INSERT INTO public.role_permissions VALUES ('7d797575-ca37-4ce5-8933-9bd5939ff4a9', '4fa42149-27f3-4452-9ab4-69dd4e1ca7ab');
INSERT INTO public.role_permissions VALUES ('7d797575-ca37-4ce5-8933-9bd5939ff4a9', '5f4de22b-0243-4ead-89d3-f1f02bbae93f');
INSERT INTO public.role_permissions VALUES ('7d797575-ca37-4ce5-8933-9bd5939ff4a9', '4a28310b-7a91-4ec0-bf75-8bf45a847034');
INSERT INTO public.role_permissions VALUES ('7d797575-ca37-4ce5-8933-9bd5939ff4a9', '8b519136-8498-46a3-9c0a-72c034b1c4b2');
INSERT INTO public.role_permissions VALUES ('7d797575-ca37-4ce5-8933-9bd5939ff4a9', '202fb30d-cbf0-4ac3-9a93-b25dfd80cb66');
INSERT INTO public.role_permissions VALUES ('7d797575-ca37-4ce5-8933-9bd5939ff4a9', 'b84a10be-0eea-4d13-adb8-3ca0d819fecf');
INSERT INTO public.role_permissions VALUES ('7d797575-ca37-4ce5-8933-9bd5939ff4a9', '3fe1c116-c45c-429d-8307-5a9691ff25ad');
INSERT INTO public.role_permissions VALUES ('7d797575-ca37-4ce5-8933-9bd5939ff4a9', '866436ef-fd5c-4e81-abfe-ee1e1c403f89');
INSERT INTO public.role_permissions VALUES ('7d797575-ca37-4ce5-8933-9bd5939ff4a9', '4160e1c6-8a21-47ec-8e70-819c495af58e');
INSERT INTO public.role_permissions VALUES ('7d797575-ca37-4ce5-8933-9bd5939ff4a9', '37cf2172-f45e-4ce1-9df7-e04b517dc140');
INSERT INTO public.role_permissions VALUES ('7d797575-ca37-4ce5-8933-9bd5939ff4a9', 'e3a42885-ce42-4cb5-8264-8404b81237d2');
INSERT INTO public.role_permissions VALUES ('3d050ecf-c519-487b-b8a5-e37ffad8de43', 'e181ceb8-dea0-4b40-b0b5-4b39b676b23e');
INSERT INTO public.role_permissions VALUES ('3d050ecf-c519-487b-b8a5-e37ffad8de43', '4fa42149-27f3-4452-9ab4-69dd4e1ca7ab');
INSERT INTO public.role_permissions VALUES ('3d050ecf-c519-487b-b8a5-e37ffad8de43', '8b519136-8498-46a3-9c0a-72c034b1c4b2');
INSERT INTO public.role_permissions VALUES ('3d050ecf-c519-487b-b8a5-e37ffad8de43', 'acec49bd-1bdb-41ec-b1d1-2a88edca7ccb');
INSERT INTO public.role_permissions VALUES ('3d050ecf-c519-487b-b8a5-e37ffad8de43', 'ca51f0d3-61ea-4c36-b7c9-f0fe6aedc7d4');
INSERT INTO public.role_permissions VALUES ('3d050ecf-c519-487b-b8a5-e37ffad8de43', '4160e1c6-8a21-47ec-8e70-819c495af58e');
INSERT INTO public.role_permissions VALUES ('3d050ecf-c519-487b-b8a5-e37ffad8de43', 'e3a42885-ce42-4cb5-8264-8404b81237d2');
INSERT INTO public.role_permissions VALUES ('3d050ecf-c519-487b-b8a5-e37ffad8de43', '66ac439b-db69-4f17-a58b-117bb47c8bea');
INSERT INTO public.role_permissions VALUES ('3d050ecf-c519-487b-b8a5-e37ffad8de43', '3fe1c116-c45c-429d-8307-5a9691ff25ad');
INSERT INTO public.role_permissions VALUES ('3d050ecf-c519-487b-b8a5-e37ffad8de43', '4af353e4-e8db-4e69-ad03-c7664cd3c17b');
INSERT INTO public.role_permissions VALUES ('3d050ecf-c519-487b-b8a5-e37ffad8de43', '4e326d3a-37ac-48f6-912f-1b3f9ef25ac3');
INSERT INTO public.role_permissions VALUES ('3d050ecf-c519-487b-b8a5-e37ffad8de43', '119e2364-41e6-4d6a-aacb-3d92d051469d');
INSERT INTO public.role_permissions VALUES ('3d050ecf-c519-487b-b8a5-e37ffad8de43', '285b0221-ef28-4ac7-81d9-c7e477fb710e');
INSERT INTO public.role_permissions VALUES ('3d050ecf-c519-487b-b8a5-e37ffad8de43', '96bbb840-fe77-42cf-905d-be3fc3d12dfe');
INSERT INTO public.role_permissions VALUES ('3d050ecf-c519-487b-b8a5-e37ffad8de43', 'e417030d-594e-470d-9a48-a65782d9644c');
INSERT INTO public.role_permissions VALUES ('3d050ecf-c519-487b-b8a5-e37ffad8de43', '826b94fd-f46c-4c41-82f4-bdb8e0c59db7');
INSERT INTO public.role_permissions VALUES ('3d050ecf-c519-487b-b8a5-e37ffad8de43', '8898989b-6ee5-4fa4-b70f-c1afb902b55a');
INSERT INTO public.role_permissions VALUES ('019a97f4-75ff-4f2f-bd7c-e333cd6e4657', 'a678334a-0424-41cb-9609-f057bccd9a2b');
INSERT INTO public.role_permissions VALUES ('019a97f4-75ff-4f2f-bd7c-e333cd6e4657', '4fa42149-27f3-4452-9ab4-69dd4e1ca7ab');
INSERT INTO public.role_permissions VALUES ('019a97f4-75ff-4f2f-bd7c-e333cd6e4657', '5f4de22b-0243-4ead-89d3-f1f02bbae93f');
INSERT INTO public.role_permissions VALUES ('019a97f4-75ff-4f2f-bd7c-e333cd6e4657', '4a28310b-7a91-4ec0-bf75-8bf45a847034');
INSERT INTO public.role_permissions VALUES ('019a97f4-75ff-4f2f-bd7c-e333cd6e4657', '8b519136-8498-46a3-9c0a-72c034b1c4b2');
INSERT INTO public.role_permissions VALUES ('019a97f4-75ff-4f2f-bd7c-e333cd6e4657', '202fb30d-cbf0-4ac3-9a93-b25dfd80cb66');
INSERT INTO public.role_permissions VALUES ('019a97f4-75ff-4f2f-bd7c-e333cd6e4657', 'b84a10be-0eea-4d13-adb8-3ca0d819fecf');
INSERT INTO public.role_permissions VALUES ('019a97f4-75ff-4f2f-bd7c-e333cd6e4657', '3fe1c116-c45c-429d-8307-5a9691ff25ad');
INSERT INTO public.role_permissions VALUES ('019a97f4-75ff-4f2f-bd7c-e333cd6e4657', '866436ef-fd5c-4e81-abfe-ee1e1c403f89');
INSERT INTO public.role_permissions VALUES ('019a97f4-75ff-4f2f-bd7c-e333cd6e4657', '4160e1c6-8a21-47ec-8e70-819c495af58e');
INSERT INTO public.role_permissions VALUES ('019a97f4-75ff-4f2f-bd7c-e333cd6e4657', '37cf2172-f45e-4ce1-9df7-e04b517dc140');
INSERT INTO public.role_permissions VALUES ('019a97f4-75ff-4f2f-bd7c-e333cd6e4657', 'e3a42885-ce42-4cb5-8264-8404b81237d2');
INSERT INTO public.role_permissions VALUES ('570bfeaf-e976-40f9-b2e6-ce26c91c1338', 'a678334a-0424-41cb-9609-f057bccd9a2b');
INSERT INTO public.role_permissions VALUES ('570bfeaf-e976-40f9-b2e6-ce26c91c1338', '4fa42149-27f3-4452-9ab4-69dd4e1ca7ab');
INSERT INTO public.role_permissions VALUES ('570bfeaf-e976-40f9-b2e6-ce26c91c1338', '5f4de22b-0243-4ead-89d3-f1f02bbae93f');
INSERT INTO public.role_permissions VALUES ('570bfeaf-e976-40f9-b2e6-ce26c91c1338', '4a28310b-7a91-4ec0-bf75-8bf45a847034');
INSERT INTO public.role_permissions VALUES ('570bfeaf-e976-40f9-b2e6-ce26c91c1338', '8b519136-8498-46a3-9c0a-72c034b1c4b2');
INSERT INTO public.role_permissions VALUES ('570bfeaf-e976-40f9-b2e6-ce26c91c1338', '202fb30d-cbf0-4ac3-9a93-b25dfd80cb66');
INSERT INTO public.role_permissions VALUES ('570bfeaf-e976-40f9-b2e6-ce26c91c1338', 'b84a10be-0eea-4d13-adb8-3ca0d819fecf');
INSERT INTO public.role_permissions VALUES ('570bfeaf-e976-40f9-b2e6-ce26c91c1338', '3fe1c116-c45c-429d-8307-5a9691ff25ad');
INSERT INTO public.role_permissions VALUES ('570bfeaf-e976-40f9-b2e6-ce26c91c1338', '866436ef-fd5c-4e81-abfe-ee1e1c403f89');
INSERT INTO public.role_permissions VALUES ('570bfeaf-e976-40f9-b2e6-ce26c91c1338', '4160e1c6-8a21-47ec-8e70-819c495af58e');
INSERT INTO public.role_permissions VALUES ('570bfeaf-e976-40f9-b2e6-ce26c91c1338', '37cf2172-f45e-4ce1-9df7-e04b517dc140');
INSERT INTO public.role_permissions VALUES ('570bfeaf-e976-40f9-b2e6-ce26c91c1338', 'e3a42885-ce42-4cb5-8264-8404b81237d2');
INSERT INTO public.role_permissions VALUES ('8e58801a-879d-455d-b2aa-a7d4923f1113', 'a678334a-0424-41cb-9609-f057bccd9a2b');
INSERT INTO public.role_permissions VALUES ('8e58801a-879d-455d-b2aa-a7d4923f1113', '4fa42149-27f3-4452-9ab4-69dd4e1ca7ab');
INSERT INTO public.role_permissions VALUES ('8e58801a-879d-455d-b2aa-a7d4923f1113', '5f4de22b-0243-4ead-89d3-f1f02bbae93f');
INSERT INTO public.role_permissions VALUES ('8e58801a-879d-455d-b2aa-a7d4923f1113', '4a28310b-7a91-4ec0-bf75-8bf45a847034');
INSERT INTO public.role_permissions VALUES ('8e58801a-879d-455d-b2aa-a7d4923f1113', '8b519136-8498-46a3-9c0a-72c034b1c4b2');
INSERT INTO public.role_permissions VALUES ('8e58801a-879d-455d-b2aa-a7d4923f1113', '202fb30d-cbf0-4ac3-9a93-b25dfd80cb66');
INSERT INTO public.role_permissions VALUES ('8e58801a-879d-455d-b2aa-a7d4923f1113', 'b84a10be-0eea-4d13-adb8-3ca0d819fecf');
INSERT INTO public.role_permissions VALUES ('8e58801a-879d-455d-b2aa-a7d4923f1113', '3fe1c116-c45c-429d-8307-5a9691ff25ad');
INSERT INTO public.role_permissions VALUES ('8e58801a-879d-455d-b2aa-a7d4923f1113', '866436ef-fd5c-4e81-abfe-ee1e1c403f89');
INSERT INTO public.role_permissions VALUES ('8e58801a-879d-455d-b2aa-a7d4923f1113', '4160e1c6-8a21-47ec-8e70-819c495af58e');
INSERT INTO public.role_permissions VALUES ('8e58801a-879d-455d-b2aa-a7d4923f1113', '37cf2172-f45e-4ce1-9df7-e04b517dc140');
INSERT INTO public.role_permissions VALUES ('8e58801a-879d-455d-b2aa-a7d4923f1113', 'e3a42885-ce42-4cb5-8264-8404b81237d2');
INSERT INTO public.role_permissions VALUES ('9fadb2a8-5cb5-4f8d-9908-6dd916a116a2', '962fb31a-ecc0-4cb5-88ea-0ba7eadd8477');
INSERT INTO public.role_permissions VALUES ('9fadb2a8-5cb5-4f8d-9908-6dd916a116a2', 'e181ceb8-dea0-4b40-b0b5-4b39b676b23e');
INSERT INTO public.role_permissions VALUES ('9fadb2a8-5cb5-4f8d-9908-6dd916a116a2', '88a99157-750e-48b7-9d82-221c61356341');
INSERT INTO public.role_permissions VALUES ('9fadb2a8-5cb5-4f8d-9908-6dd916a116a2', '82a19a42-9872-42db-8440-fe3682cb27a0');
INSERT INTO public.role_permissions VALUES ('9fadb2a8-5cb5-4f8d-9908-6dd916a116a2', 'fba68333-d8c4-4ba9-8095-0a0e88142372');
INSERT INTO public.role_permissions VALUES ('9fadb2a8-5cb5-4f8d-9908-6dd916a116a2', '5a58a05d-e682-479b-88b0-8c8f23c4d656');
INSERT INTO public.role_permissions VALUES ('9fadb2a8-5cb5-4f8d-9908-6dd916a116a2', '4fa42149-27f3-4452-9ab4-69dd4e1ca7ab');
INSERT INTO public.role_permissions VALUES ('9fadb2a8-5cb5-4f8d-9908-6dd916a116a2', '5f4de22b-0243-4ead-89d3-f1f02bbae93f');
INSERT INTO public.role_permissions VALUES ('9fadb2a8-5cb5-4f8d-9908-6dd916a116a2', '5e584c11-9682-4385-bc6e-92a83a9abe52');
INSERT INTO public.role_permissions VALUES ('9fadb2a8-5cb5-4f8d-9908-6dd916a116a2', '480929bc-9568-42fe-aa39-c6f638bc3559');
INSERT INTO public.role_permissions VALUES ('9fadb2a8-5cb5-4f8d-9908-6dd916a116a2', '4a28310b-7a91-4ec0-bf75-8bf45a847034');
INSERT INTO public.role_permissions VALUES ('9fadb2a8-5cb5-4f8d-9908-6dd916a116a2', '8b519136-8498-46a3-9c0a-72c034b1c4b2');
INSERT INTO public.role_permissions VALUES ('9fadb2a8-5cb5-4f8d-9908-6dd916a116a2', '202fb30d-cbf0-4ac3-9a93-b25dfd80cb66');
INSERT INTO public.role_permissions VALUES ('9fadb2a8-5cb5-4f8d-9908-6dd916a116a2', '7eeb6afc-18bf-4434-afbb-48d4204918d0');
INSERT INTO public.role_permissions VALUES ('9fadb2a8-5cb5-4f8d-9908-6dd916a116a2', '5d099235-e8af-4e9e-b6f7-5e63962fe2bc');
INSERT INTO public.role_permissions VALUES ('9fadb2a8-5cb5-4f8d-9908-6dd916a116a2', 'acec49bd-1bdb-41ec-b1d1-2a88edca7ccb');
INSERT INTO public.role_permissions VALUES ('9fadb2a8-5cb5-4f8d-9908-6dd916a116a2', 'b44f92ef-cf63-4a98-b20c-f9424b067b5d');
INSERT INTO public.role_permissions VALUES ('9fadb2a8-5cb5-4f8d-9908-6dd916a116a2', 'b8a92921-3ea2-403c-ba41-238d313cd261');
INSERT INTO public.role_permissions VALUES ('9fadb2a8-5cb5-4f8d-9908-6dd916a116a2', 'a6c4cc55-2c1c-462d-a69c-d3e131735644');
INSERT INTO public.role_permissions VALUES ('9fadb2a8-5cb5-4f8d-9908-6dd916a116a2', 'ca51f0d3-61ea-4c36-b7c9-f0fe6aedc7d4');
INSERT INTO public.role_permissions VALUES ('9fadb2a8-5cb5-4f8d-9908-6dd916a116a2', 'f18e4757-1fdb-46e4-984c-e919dc55985b');
INSERT INTO public.role_permissions VALUES ('9fadb2a8-5cb5-4f8d-9908-6dd916a116a2', 'e597fde1-886a-4181-b148-22fc16fdaae6');
INSERT INTO public.role_permissions VALUES ('9fadb2a8-5cb5-4f8d-9908-6dd916a116a2', 'b84a10be-0eea-4d13-adb8-3ca0d819fecf');
INSERT INTO public.role_permissions VALUES ('9fadb2a8-5cb5-4f8d-9908-6dd916a116a2', '3fe1c116-c45c-429d-8307-5a9691ff25ad');
INSERT INTO public.role_permissions VALUES ('9fadb2a8-5cb5-4f8d-9908-6dd916a116a2', '28e00799-98a3-47cf-b580-5219f1630ea4');
INSERT INTO public.role_permissions VALUES ('9fadb2a8-5cb5-4f8d-9908-6dd916a116a2', 'c8223808-d96c-45c6-8db3-158b768fed80');
INSERT INTO public.role_permissions VALUES ('9fadb2a8-5cb5-4f8d-9908-6dd916a116a2', 'bf72db02-18c0-4b66-8e58-ad16cd7ffa79');
INSERT INTO public.role_permissions VALUES ('9fadb2a8-5cb5-4f8d-9908-6dd916a116a2', '285b0221-ef28-4ac7-81d9-c7e477fb710e');
INSERT INTO public.role_permissions VALUES ('9fadb2a8-5cb5-4f8d-9908-6dd916a116a2', '6d7770bd-c8e2-4b01-a630-25965c30dcd1');
INSERT INTO public.role_permissions VALUES ('9fadb2a8-5cb5-4f8d-9908-6dd916a116a2', '9bd7d899-d5f8-4758-8762-122e08914007');
INSERT INTO public.role_permissions VALUES ('9fadb2a8-5cb5-4f8d-9908-6dd916a116a2', '819f6d81-94f6-4491-a3a1-fdaff7226b9b');
INSERT INTO public.role_permissions VALUES ('9fadb2a8-5cb5-4f8d-9908-6dd916a116a2', '96bbb840-fe77-42cf-905d-be3fc3d12dfe');
INSERT INTO public.role_permissions VALUES ('9fadb2a8-5cb5-4f8d-9908-6dd916a116a2', 'c250bb70-58ec-4877-8b05-c36cdcfaf426');
INSERT INTO public.role_permissions VALUES ('9fadb2a8-5cb5-4f8d-9908-6dd916a116a2', 'f4723feb-1e7f-43be-83e9-92ef4102d5fb');
INSERT INTO public.role_permissions VALUES ('9fadb2a8-5cb5-4f8d-9908-6dd916a116a2', 'e5bad846-0802-445e-981e-071015a03a01');
INSERT INTO public.role_permissions VALUES ('4470b4fe-df45-4354-904a-f8fa3d8026a9', '962fb31a-ecc0-4cb5-88ea-0ba7eadd8477');
INSERT INTO public.role_permissions VALUES ('4470b4fe-df45-4354-904a-f8fa3d8026a9', 'e181ceb8-dea0-4b40-b0b5-4b39b676b23e');
INSERT INTO public.role_permissions VALUES ('4470b4fe-df45-4354-904a-f8fa3d8026a9', '88a99157-750e-48b7-9d82-221c61356341');
INSERT INTO public.role_permissions VALUES ('4470b4fe-df45-4354-904a-f8fa3d8026a9', '82a19a42-9872-42db-8440-fe3682cb27a0');
INSERT INTO public.role_permissions VALUES ('4470b4fe-df45-4354-904a-f8fa3d8026a9', 'fba68333-d8c4-4ba9-8095-0a0e88142372');
INSERT INTO public.role_permissions VALUES ('4470b4fe-df45-4354-904a-f8fa3d8026a9', '5a58a05d-e682-479b-88b0-8c8f23c4d656');
INSERT INTO public.role_permissions VALUES ('4470b4fe-df45-4354-904a-f8fa3d8026a9', '4fa42149-27f3-4452-9ab4-69dd4e1ca7ab');
INSERT INTO public.role_permissions VALUES ('4470b4fe-df45-4354-904a-f8fa3d8026a9', '5f4de22b-0243-4ead-89d3-f1f02bbae93f');
INSERT INTO public.role_permissions VALUES ('4470b4fe-df45-4354-904a-f8fa3d8026a9', '5e584c11-9682-4385-bc6e-92a83a9abe52');
INSERT INTO public.role_permissions VALUES ('4470b4fe-df45-4354-904a-f8fa3d8026a9', '480929bc-9568-42fe-aa39-c6f638bc3559');
INSERT INTO public.role_permissions VALUES ('4470b4fe-df45-4354-904a-f8fa3d8026a9', '4a28310b-7a91-4ec0-bf75-8bf45a847034');
INSERT INTO public.role_permissions VALUES ('4470b4fe-df45-4354-904a-f8fa3d8026a9', '8b519136-8498-46a3-9c0a-72c034b1c4b2');
INSERT INTO public.role_permissions VALUES ('4470b4fe-df45-4354-904a-f8fa3d8026a9', '202fb30d-cbf0-4ac3-9a93-b25dfd80cb66');
INSERT INTO public.role_permissions VALUES ('4470b4fe-df45-4354-904a-f8fa3d8026a9', '7eeb6afc-18bf-4434-afbb-48d4204918d0');
INSERT INTO public.role_permissions VALUES ('4470b4fe-df45-4354-904a-f8fa3d8026a9', '5d099235-e8af-4e9e-b6f7-5e63962fe2bc');
INSERT INTO public.role_permissions VALUES ('4470b4fe-df45-4354-904a-f8fa3d8026a9', 'acec49bd-1bdb-41ec-b1d1-2a88edca7ccb');
INSERT INTO public.role_permissions VALUES ('4470b4fe-df45-4354-904a-f8fa3d8026a9', 'b44f92ef-cf63-4a98-b20c-f9424b067b5d');
INSERT INTO public.role_permissions VALUES ('4470b4fe-df45-4354-904a-f8fa3d8026a9', 'b8a92921-3ea2-403c-ba41-238d313cd261');
INSERT INTO public.role_permissions VALUES ('4470b4fe-df45-4354-904a-f8fa3d8026a9', 'a6c4cc55-2c1c-462d-a69c-d3e131735644');
INSERT INTO public.role_permissions VALUES ('4470b4fe-df45-4354-904a-f8fa3d8026a9', 'ca51f0d3-61ea-4c36-b7c9-f0fe6aedc7d4');
INSERT INTO public.role_permissions VALUES ('4470b4fe-df45-4354-904a-f8fa3d8026a9', 'f18e4757-1fdb-46e4-984c-e919dc55985b');
INSERT INTO public.role_permissions VALUES ('4470b4fe-df45-4354-904a-f8fa3d8026a9', 'e597fde1-886a-4181-b148-22fc16fdaae6');
INSERT INTO public.role_permissions VALUES ('4470b4fe-df45-4354-904a-f8fa3d8026a9', 'b84a10be-0eea-4d13-adb8-3ca0d819fecf');
INSERT INTO public.role_permissions VALUES ('4470b4fe-df45-4354-904a-f8fa3d8026a9', '3fe1c116-c45c-429d-8307-5a9691ff25ad');
INSERT INTO public.role_permissions VALUES ('4470b4fe-df45-4354-904a-f8fa3d8026a9', '28e00799-98a3-47cf-b580-5219f1630ea4');
INSERT INTO public.role_permissions VALUES ('4470b4fe-df45-4354-904a-f8fa3d8026a9', 'c8223808-d96c-45c6-8db3-158b768fed80');
INSERT INTO public.role_permissions VALUES ('4470b4fe-df45-4354-904a-f8fa3d8026a9', 'bf72db02-18c0-4b66-8e58-ad16cd7ffa79');
INSERT INTO public.role_permissions VALUES ('4470b4fe-df45-4354-904a-f8fa3d8026a9', '285b0221-ef28-4ac7-81d9-c7e477fb710e');
INSERT INTO public.role_permissions VALUES ('4470b4fe-df45-4354-904a-f8fa3d8026a9', '6d7770bd-c8e2-4b01-a630-25965c30dcd1');
INSERT INTO public.role_permissions VALUES ('4470b4fe-df45-4354-904a-f8fa3d8026a9', '9bd7d899-d5f8-4758-8762-122e08914007');
INSERT INTO public.role_permissions VALUES ('4470b4fe-df45-4354-904a-f8fa3d8026a9', '819f6d81-94f6-4491-a3a1-fdaff7226b9b');
INSERT INTO public.role_permissions VALUES ('4470b4fe-df45-4354-904a-f8fa3d8026a9', '96bbb840-fe77-42cf-905d-be3fc3d12dfe');
INSERT INTO public.role_permissions VALUES ('4470b4fe-df45-4354-904a-f8fa3d8026a9', 'c250bb70-58ec-4877-8b05-c36cdcfaf426');
INSERT INTO public.role_permissions VALUES ('4470b4fe-df45-4354-904a-f8fa3d8026a9', 'f4723feb-1e7f-43be-83e9-92ef4102d5fb');
INSERT INTO public.role_permissions VALUES ('4470b4fe-df45-4354-904a-f8fa3d8026a9', 'e5bad846-0802-445e-981e-071015a03a01');
INSERT INTO public.role_permissions VALUES ('38318f60-4962-4736-a02f-48bff6679b99', '962fb31a-ecc0-4cb5-88ea-0ba7eadd8477');
INSERT INTO public.role_permissions VALUES ('38318f60-4962-4736-a02f-48bff6679b99', 'e181ceb8-dea0-4b40-b0b5-4b39b676b23e');
INSERT INTO public.role_permissions VALUES ('38318f60-4962-4736-a02f-48bff6679b99', '88a99157-750e-48b7-9d82-221c61356341');
INSERT INTO public.role_permissions VALUES ('38318f60-4962-4736-a02f-48bff6679b99', '82a19a42-9872-42db-8440-fe3682cb27a0');
INSERT INTO public.role_permissions VALUES ('38318f60-4962-4736-a02f-48bff6679b99', 'fba68333-d8c4-4ba9-8095-0a0e88142372');
INSERT INTO public.role_permissions VALUES ('38318f60-4962-4736-a02f-48bff6679b99', '5a58a05d-e682-479b-88b0-8c8f23c4d656');
INSERT INTO public.role_permissions VALUES ('38318f60-4962-4736-a02f-48bff6679b99', '4fa42149-27f3-4452-9ab4-69dd4e1ca7ab');
INSERT INTO public.role_permissions VALUES ('38318f60-4962-4736-a02f-48bff6679b99', '5f4de22b-0243-4ead-89d3-f1f02bbae93f');
INSERT INTO public.role_permissions VALUES ('38318f60-4962-4736-a02f-48bff6679b99', '5e584c11-9682-4385-bc6e-92a83a9abe52');
INSERT INTO public.role_permissions VALUES ('38318f60-4962-4736-a02f-48bff6679b99', '480929bc-9568-42fe-aa39-c6f638bc3559');
INSERT INTO public.role_permissions VALUES ('38318f60-4962-4736-a02f-48bff6679b99', '4a28310b-7a91-4ec0-bf75-8bf45a847034');
INSERT INTO public.role_permissions VALUES ('38318f60-4962-4736-a02f-48bff6679b99', '8b519136-8498-46a3-9c0a-72c034b1c4b2');
INSERT INTO public.role_permissions VALUES ('38318f60-4962-4736-a02f-48bff6679b99', '202fb30d-cbf0-4ac3-9a93-b25dfd80cb66');
INSERT INTO public.role_permissions VALUES ('38318f60-4962-4736-a02f-48bff6679b99', '7eeb6afc-18bf-4434-afbb-48d4204918d0');
INSERT INTO public.role_permissions VALUES ('38318f60-4962-4736-a02f-48bff6679b99', '5d099235-e8af-4e9e-b6f7-5e63962fe2bc');
INSERT INTO public.role_permissions VALUES ('38318f60-4962-4736-a02f-48bff6679b99', 'acec49bd-1bdb-41ec-b1d1-2a88edca7ccb');
INSERT INTO public.role_permissions VALUES ('38318f60-4962-4736-a02f-48bff6679b99', 'b44f92ef-cf63-4a98-b20c-f9424b067b5d');
INSERT INTO public.role_permissions VALUES ('38318f60-4962-4736-a02f-48bff6679b99', 'b8a92921-3ea2-403c-ba41-238d313cd261');
INSERT INTO public.role_permissions VALUES ('38318f60-4962-4736-a02f-48bff6679b99', 'a6c4cc55-2c1c-462d-a69c-d3e131735644');
INSERT INTO public.role_permissions VALUES ('38318f60-4962-4736-a02f-48bff6679b99', 'ca51f0d3-61ea-4c36-b7c9-f0fe6aedc7d4');
INSERT INTO public.role_permissions VALUES ('38318f60-4962-4736-a02f-48bff6679b99', 'f18e4757-1fdb-46e4-984c-e919dc55985b');
INSERT INTO public.role_permissions VALUES ('38318f60-4962-4736-a02f-48bff6679b99', 'e597fde1-886a-4181-b148-22fc16fdaae6');
INSERT INTO public.role_permissions VALUES ('38318f60-4962-4736-a02f-48bff6679b99', 'b84a10be-0eea-4d13-adb8-3ca0d819fecf');
INSERT INTO public.role_permissions VALUES ('38318f60-4962-4736-a02f-48bff6679b99', '3fe1c116-c45c-429d-8307-5a9691ff25ad');
INSERT INTO public.role_permissions VALUES ('38318f60-4962-4736-a02f-48bff6679b99', '28e00799-98a3-47cf-b580-5219f1630ea4');
INSERT INTO public.role_permissions VALUES ('38318f60-4962-4736-a02f-48bff6679b99', 'c8223808-d96c-45c6-8db3-158b768fed80');
INSERT INTO public.role_permissions VALUES ('38318f60-4962-4736-a02f-48bff6679b99', 'bf72db02-18c0-4b66-8e58-ad16cd7ffa79');
INSERT INTO public.role_permissions VALUES ('38318f60-4962-4736-a02f-48bff6679b99', '285b0221-ef28-4ac7-81d9-c7e477fb710e');
INSERT INTO public.role_permissions VALUES ('38318f60-4962-4736-a02f-48bff6679b99', '6d7770bd-c8e2-4b01-a630-25965c30dcd1');
INSERT INTO public.role_permissions VALUES ('38318f60-4962-4736-a02f-48bff6679b99', '9bd7d899-d5f8-4758-8762-122e08914007');
INSERT INTO public.role_permissions VALUES ('38318f60-4962-4736-a02f-48bff6679b99', '819f6d81-94f6-4491-a3a1-fdaff7226b9b');
INSERT INTO public.role_permissions VALUES ('38318f60-4962-4736-a02f-48bff6679b99', '96bbb840-fe77-42cf-905d-be3fc3d12dfe');
INSERT INTO public.role_permissions VALUES ('38318f60-4962-4736-a02f-48bff6679b99', 'c250bb70-58ec-4877-8b05-c36cdcfaf426');
INSERT INTO public.role_permissions VALUES ('38318f60-4962-4736-a02f-48bff6679b99', 'f4723feb-1e7f-43be-83e9-92ef4102d5fb');
INSERT INTO public.role_permissions VALUES ('38318f60-4962-4736-a02f-48bff6679b99', 'e5bad846-0802-445e-981e-071015a03a01');
INSERT INTO public.role_permissions VALUES ('ecb0bbc5-89df-4877-8150-c7068bed0d86', 'a678334a-0424-41cb-9609-f057bccd9a2b');
INSERT INTO public.role_permissions VALUES ('ecb0bbc5-89df-4877-8150-c7068bed0d86', '4fa42149-27f3-4452-9ab4-69dd4e1ca7ab');
INSERT INTO public.role_permissions VALUES ('ecb0bbc5-89df-4877-8150-c7068bed0d86', '5f4de22b-0243-4ead-89d3-f1f02bbae93f');
INSERT INTO public.role_permissions VALUES ('ecb0bbc5-89df-4877-8150-c7068bed0d86', '4a28310b-7a91-4ec0-bf75-8bf45a847034');
INSERT INTO public.role_permissions VALUES ('ecb0bbc5-89df-4877-8150-c7068bed0d86', '8b519136-8498-46a3-9c0a-72c034b1c4b2');
INSERT INTO public.role_permissions VALUES ('ecb0bbc5-89df-4877-8150-c7068bed0d86', '202fb30d-cbf0-4ac3-9a93-b25dfd80cb66');
INSERT INTO public.role_permissions VALUES ('ecb0bbc5-89df-4877-8150-c7068bed0d86', 'b84a10be-0eea-4d13-adb8-3ca0d819fecf');
INSERT INTO public.role_permissions VALUES ('ecb0bbc5-89df-4877-8150-c7068bed0d86', '3fe1c116-c45c-429d-8307-5a9691ff25ad');
INSERT INTO public.role_permissions VALUES ('ecb0bbc5-89df-4877-8150-c7068bed0d86', '866436ef-fd5c-4e81-abfe-ee1e1c403f89');
INSERT INTO public.role_permissions VALUES ('ecb0bbc5-89df-4877-8150-c7068bed0d86', '4160e1c6-8a21-47ec-8e70-819c495af58e');
INSERT INTO public.role_permissions VALUES ('ecb0bbc5-89df-4877-8150-c7068bed0d86', '37cf2172-f45e-4ce1-9df7-e04b517dc140');
INSERT INTO public.role_permissions VALUES ('ecb0bbc5-89df-4877-8150-c7068bed0d86', 'e3a42885-ce42-4cb5-8264-8404b81237d2');
INSERT INTO public.role_permissions VALUES ('a1544450-5923-4911-93a7-1114adf8884b', '962fb31a-ecc0-4cb5-88ea-0ba7eadd8477');
INSERT INTO public.role_permissions VALUES ('a1544450-5923-4911-93a7-1114adf8884b', 'e181ceb8-dea0-4b40-b0b5-4b39b676b23e');
INSERT INTO public.role_permissions VALUES ('a1544450-5923-4911-93a7-1114adf8884b', '88a99157-750e-48b7-9d82-221c61356341');
INSERT INTO public.role_permissions VALUES ('a1544450-5923-4911-93a7-1114adf8884b', '82a19a42-9872-42db-8440-fe3682cb27a0');
INSERT INTO public.role_permissions VALUES ('a1544450-5923-4911-93a7-1114adf8884b', 'fba68333-d8c4-4ba9-8095-0a0e88142372');
INSERT INTO public.role_permissions VALUES ('a1544450-5923-4911-93a7-1114adf8884b', '5a58a05d-e682-479b-88b0-8c8f23c4d656');
INSERT INTO public.role_permissions VALUES ('a1544450-5923-4911-93a7-1114adf8884b', '4fa42149-27f3-4452-9ab4-69dd4e1ca7ab');
INSERT INTO public.role_permissions VALUES ('a1544450-5923-4911-93a7-1114adf8884b', '5f4de22b-0243-4ead-89d3-f1f02bbae93f');
INSERT INTO public.role_permissions VALUES ('a1544450-5923-4911-93a7-1114adf8884b', '5e584c11-9682-4385-bc6e-92a83a9abe52');
INSERT INTO public.role_permissions VALUES ('a1544450-5923-4911-93a7-1114adf8884b', '480929bc-9568-42fe-aa39-c6f638bc3559');
INSERT INTO public.role_permissions VALUES ('a1544450-5923-4911-93a7-1114adf8884b', '4a28310b-7a91-4ec0-bf75-8bf45a847034');
INSERT INTO public.role_permissions VALUES ('a1544450-5923-4911-93a7-1114adf8884b', '8b519136-8498-46a3-9c0a-72c034b1c4b2');
INSERT INTO public.role_permissions VALUES ('a1544450-5923-4911-93a7-1114adf8884b', '202fb30d-cbf0-4ac3-9a93-b25dfd80cb66');
INSERT INTO public.role_permissions VALUES ('a1544450-5923-4911-93a7-1114adf8884b', '7eeb6afc-18bf-4434-afbb-48d4204918d0');
INSERT INTO public.role_permissions VALUES ('a1544450-5923-4911-93a7-1114adf8884b', '5d099235-e8af-4e9e-b6f7-5e63962fe2bc');
INSERT INTO public.role_permissions VALUES ('a1544450-5923-4911-93a7-1114adf8884b', 'acec49bd-1bdb-41ec-b1d1-2a88edca7ccb');
INSERT INTO public.role_permissions VALUES ('a1544450-5923-4911-93a7-1114adf8884b', 'b44f92ef-cf63-4a98-b20c-f9424b067b5d');
INSERT INTO public.role_permissions VALUES ('a1544450-5923-4911-93a7-1114adf8884b', 'b8a92921-3ea2-403c-ba41-238d313cd261');
INSERT INTO public.role_permissions VALUES ('a1544450-5923-4911-93a7-1114adf8884b', 'a6c4cc55-2c1c-462d-a69c-d3e131735644');
INSERT INTO public.role_permissions VALUES ('a1544450-5923-4911-93a7-1114adf8884b', 'ca51f0d3-61ea-4c36-b7c9-f0fe6aedc7d4');
INSERT INTO public.role_permissions VALUES ('a1544450-5923-4911-93a7-1114adf8884b', 'f18e4757-1fdb-46e4-984c-e919dc55985b');
INSERT INTO public.role_permissions VALUES ('a1544450-5923-4911-93a7-1114adf8884b', 'e597fde1-886a-4181-b148-22fc16fdaae6');
INSERT INTO public.role_permissions VALUES ('a1544450-5923-4911-93a7-1114adf8884b', 'b84a10be-0eea-4d13-adb8-3ca0d819fecf');
INSERT INTO public.role_permissions VALUES ('a1544450-5923-4911-93a7-1114adf8884b', '3fe1c116-c45c-429d-8307-5a9691ff25ad');
INSERT INTO public.role_permissions VALUES ('a1544450-5923-4911-93a7-1114adf8884b', '28e00799-98a3-47cf-b580-5219f1630ea4');
INSERT INTO public.role_permissions VALUES ('a1544450-5923-4911-93a7-1114adf8884b', 'c8223808-d96c-45c6-8db3-158b768fed80');
INSERT INTO public.role_permissions VALUES ('a1544450-5923-4911-93a7-1114adf8884b', 'bf72db02-18c0-4b66-8e58-ad16cd7ffa79');
INSERT INTO public.role_permissions VALUES ('a1544450-5923-4911-93a7-1114adf8884b', '285b0221-ef28-4ac7-81d9-c7e477fb710e');
INSERT INTO public.role_permissions VALUES ('a1544450-5923-4911-93a7-1114adf8884b', '6d7770bd-c8e2-4b01-a630-25965c30dcd1');
INSERT INTO public.role_permissions VALUES ('a1544450-5923-4911-93a7-1114adf8884b', '9bd7d899-d5f8-4758-8762-122e08914007');
INSERT INTO public.role_permissions VALUES ('a1544450-5923-4911-93a7-1114adf8884b', '819f6d81-94f6-4491-a3a1-fdaff7226b9b');
INSERT INTO public.role_permissions VALUES ('a1544450-5923-4911-93a7-1114adf8884b', '96bbb840-fe77-42cf-905d-be3fc3d12dfe');
INSERT INTO public.role_permissions VALUES ('a1544450-5923-4911-93a7-1114adf8884b', 'c250bb70-58ec-4877-8b05-c36cdcfaf426');
INSERT INTO public.role_permissions VALUES ('a1544450-5923-4911-93a7-1114adf8884b', 'f4723feb-1e7f-43be-83e9-92ef4102d5fb');
INSERT INTO public.role_permissions VALUES ('a1544450-5923-4911-93a7-1114adf8884b', 'e5bad846-0802-445e-981e-071015a03a01');
INSERT INTO public.role_permissions VALUES ('94b250a3-50ef-4ec4-b907-ee3eba4382b2', 'c351f32f-2bd8-44e0-ae23-25b0d56386dd');
INSERT INTO public.role_permissions VALUES ('94b250a3-50ef-4ec4-b907-ee3eba4382b2', 'aa2469e8-61f1-462a-a640-f47778b3120a');
INSERT INTO public.role_permissions VALUES ('94b250a3-50ef-4ec4-b907-ee3eba4382b2', 'bcb60c15-7388-41c7-85b4-1ff5a6a66ca9');
INSERT INTO public.role_permissions VALUES ('94b250a3-50ef-4ec4-b907-ee3eba4382b2', '3583fe2c-3104-4298-9653-09895a4aed68');
INSERT INTO public.role_permissions VALUES ('94b250a3-50ef-4ec4-b907-ee3eba4382b2', '03b8bdae-aa56-490b-b5dc-a62c2a4a99ee');
INSERT INTO public.role_permissions VALUES ('94b250a3-50ef-4ec4-b907-ee3eba4382b2', 'e5bad846-0802-445e-981e-071015a03a01');
INSERT INTO public.role_permissions VALUES ('94b250a3-50ef-4ec4-b907-ee3eba4382b2', '19563303-fdac-4831-9d7e-702ac3164362');
INSERT INTO public.role_permissions VALUES ('94b250a3-50ef-4ec4-b907-ee3eba4382b2', '611d49c3-2023-46dc-9b22-291434f932d6');
INSERT INTO public.role_permissions VALUES ('94b250a3-50ef-4ec4-b907-ee3eba4382b2', 'a709de9b-810e-4c01-8c02-cb5c4bd77ae9');
INSERT INTO public.role_permissions VALUES ('94b250a3-50ef-4ec4-b907-ee3eba4382b2', '3a99d477-83c7-47e7-b335-339071de5db6');
INSERT INTO public.role_permissions VALUES ('94b250a3-50ef-4ec4-b907-ee3eba4382b2', '493c94d3-434f-4886-9ad1-e554d73bb2b2');
INSERT INTO public.role_permissions VALUES ('94b250a3-50ef-4ec4-b907-ee3eba4382b2', 'd8227bfd-27cd-4aba-bdfb-540e3911d676');
INSERT INTO public.role_permissions VALUES ('94b250a3-50ef-4ec4-b907-ee3eba4382b2', '708d5e94-9228-4913-8bfb-b46f7abe9b4d');
INSERT INTO public.role_permissions VALUES ('94b250a3-50ef-4ec4-b907-ee3eba4382b2', '992acabf-24a0-4088-b67f-748c0e3806ce');
INSERT INTO public.role_permissions VALUES ('94b250a3-50ef-4ec4-b907-ee3eba4382b2', '05b0381b-1236-43c3-a6c1-371b073ed6a2');
INSERT INTO public.role_permissions VALUES ('473fe32a-22c1-43fd-abea-d9798cb5aa57', 'c351f32f-2bd8-44e0-ae23-25b0d56386dd');
INSERT INTO public.role_permissions VALUES ('473fe32a-22c1-43fd-abea-d9798cb5aa57', 'aa2469e8-61f1-462a-a640-f47778b3120a');
INSERT INTO public.role_permissions VALUES ('473fe32a-22c1-43fd-abea-d9798cb5aa57', 'bcb60c15-7388-41c7-85b4-1ff5a6a66ca9');
INSERT INTO public.role_permissions VALUES ('473fe32a-22c1-43fd-abea-d9798cb5aa57', '3583fe2c-3104-4298-9653-09895a4aed68');
INSERT INTO public.role_permissions VALUES ('473fe32a-22c1-43fd-abea-d9798cb5aa57', '03b8bdae-aa56-490b-b5dc-a62c2a4a99ee');
INSERT INTO public.role_permissions VALUES ('473fe32a-22c1-43fd-abea-d9798cb5aa57', 'e5bad846-0802-445e-981e-071015a03a01');
INSERT INTO public.role_permissions VALUES ('473fe32a-22c1-43fd-abea-d9798cb5aa57', '19563303-fdac-4831-9d7e-702ac3164362');
INSERT INTO public.role_permissions VALUES ('473fe32a-22c1-43fd-abea-d9798cb5aa57', '611d49c3-2023-46dc-9b22-291434f932d6');
INSERT INTO public.role_permissions VALUES ('473fe32a-22c1-43fd-abea-d9798cb5aa57', 'a709de9b-810e-4c01-8c02-cb5c4bd77ae9');
INSERT INTO public.role_permissions VALUES ('473fe32a-22c1-43fd-abea-d9798cb5aa57', '3a99d477-83c7-47e7-b335-339071de5db6');
INSERT INTO public.role_permissions VALUES ('473fe32a-22c1-43fd-abea-d9798cb5aa57', '493c94d3-434f-4886-9ad1-e554d73bb2b2');
INSERT INTO public.role_permissions VALUES ('473fe32a-22c1-43fd-abea-d9798cb5aa57', 'd8227bfd-27cd-4aba-bdfb-540e3911d676');
INSERT INTO public.role_permissions VALUES ('473fe32a-22c1-43fd-abea-d9798cb5aa57', '708d5e94-9228-4913-8bfb-b46f7abe9b4d');
INSERT INTO public.role_permissions VALUES ('473fe32a-22c1-43fd-abea-d9798cb5aa57', '992acabf-24a0-4088-b67f-748c0e3806ce');
INSERT INTO public.role_permissions VALUES ('473fe32a-22c1-43fd-abea-d9798cb5aa57', '05b0381b-1236-43c3-a6c1-371b073ed6a2');
INSERT INTO public.role_permissions VALUES ('622f2951-3c32-4e07-8ee9-ec8014af352f', 'c351f32f-2bd8-44e0-ae23-25b0d56386dd');
INSERT INTO public.role_permissions VALUES ('622f2951-3c32-4e07-8ee9-ec8014af352f', 'aa2469e8-61f1-462a-a640-f47778b3120a');
INSERT INTO public.role_permissions VALUES ('622f2951-3c32-4e07-8ee9-ec8014af352f', 'b6bc2148-f2aa-485b-a7c8-dbdf034d6660');
INSERT INTO public.role_permissions VALUES ('622f2951-3c32-4e07-8ee9-ec8014af352f', 'bcb60c15-7388-41c7-85b4-1ff5a6a66ca9');
INSERT INTO public.role_permissions VALUES ('622f2951-3c32-4e07-8ee9-ec8014af352f', '3583fe2c-3104-4298-9653-09895a4aed68');
INSERT INTO public.role_permissions VALUES ('622f2951-3c32-4e07-8ee9-ec8014af352f', '21cf74ed-0408-40b3-93a7-88556622fb74');
INSERT INTO public.role_permissions VALUES ('622f2951-3c32-4e07-8ee9-ec8014af352f', '03b8bdae-aa56-490b-b5dc-a62c2a4a99ee');
INSERT INTO public.role_permissions VALUES ('622f2951-3c32-4e07-8ee9-ec8014af352f', 'e3a42885-ce42-4cb5-8264-8404b81237d2');
INSERT INTO public.role_permissions VALUES ('622f2951-3c32-4e07-8ee9-ec8014af352f', '19563303-fdac-4831-9d7e-702ac3164362');
INSERT INTO public.role_permissions VALUES ('622f2951-3c32-4e07-8ee9-ec8014af352f', 'e5bad846-0802-445e-981e-071015a03a01');
INSERT INTO public.role_permissions VALUES ('622f2951-3c32-4e07-8ee9-ec8014af352f', '929dfdeb-c1f8-4b30-95e3-d9a29c653124');
INSERT INTO public.role_permissions VALUES ('622f2951-3c32-4e07-8ee9-ec8014af352f', '992acabf-24a0-4088-b67f-748c0e3806ce');
INSERT INTO public.role_permissions VALUES ('622f2951-3c32-4e07-8ee9-ec8014af352f', '05b0381b-1236-43c3-a6c1-371b073ed6a2');
INSERT INTO public.role_permissions VALUES ('622f2951-3c32-4e07-8ee9-ec8014af352f', '4af353e4-e8db-4e69-ad03-c7664cd3c17b');
INSERT INTO public.role_permissions VALUES ('622f2951-3c32-4e07-8ee9-ec8014af352f', '3a99d477-83c7-47e7-b335-339071de5db6');
INSERT INTO public.role_permissions VALUES ('622f2951-3c32-4e07-8ee9-ec8014af352f', '4e326d3a-37ac-48f6-912f-1b3f9ef25ac3');
INSERT INTO public.role_permissions VALUES ('622f2951-3c32-4e07-8ee9-ec8014af352f', 'd8227bfd-27cd-4aba-bdfb-540e3911d676');
INSERT INTO public.role_permissions VALUES ('622f2951-3c32-4e07-8ee9-ec8014af352f', '66ac439b-db69-4f17-a58b-117bb47c8bea');
INSERT INTO public.role_permissions VALUES ('622f2951-3c32-4e07-8ee9-ec8014af352f', '611d49c3-2023-46dc-9b22-291434f932d6');
INSERT INTO public.role_permissions VALUES ('f98792f0-7697-4dbd-9bc3-eba26f36704d', 'c351f32f-2bd8-44e0-ae23-25b0d56386dd');
INSERT INTO public.role_permissions VALUES ('f98792f0-7697-4dbd-9bc3-eba26f36704d', 'aa2469e8-61f1-462a-a640-f47778b3120a');
INSERT INTO public.role_permissions VALUES ('f98792f0-7697-4dbd-9bc3-eba26f36704d', 'e5bad846-0802-445e-981e-071015a03a01');
INSERT INTO public.role_permissions VALUES ('f98792f0-7697-4dbd-9bc3-eba26f36704d', '992acabf-24a0-4088-b67f-748c0e3806ce');
INSERT INTO public.role_permissions VALUES ('0007a69c-ec98-4102-9099-24f9c0492440', '611d49c3-2023-46dc-9b22-291434f932d6');
INSERT INTO public.role_permissions VALUES ('0007a69c-ec98-4102-9099-24f9c0492440', 'a709de9b-810e-4c01-8c02-cb5c4bd77ae9');
INSERT INTO public.role_permissions VALUES ('0007a69c-ec98-4102-9099-24f9c0492440', '37cf2172-f45e-4ce1-9df7-e04b517dc140');
INSERT INTO public.role_permissions VALUES ('0007a69c-ec98-4102-9099-24f9c0492440', 'e3a42885-ce42-4cb5-8264-8404b81237d2');
INSERT INTO public.role_permissions VALUES ('0007a69c-ec98-4102-9099-24f9c0492440', '92fad553-2b08-4ead-abf3-2e3bb8310324');
INSERT INTO public.role_permissions VALUES ('0007a69c-ec98-4102-9099-24f9c0492440', '5efdb4b2-3f63-4b41-b4bf-f88ec2d97724');
INSERT INTO public.role_permissions VALUES ('0007a69c-ec98-4102-9099-24f9c0492440', '19563303-fdac-4831-9d7e-702ac3164362');
INSERT INTO public.role_permissions VALUES ('7d797575-ca37-4ce5-8933-9bd5939ff4a9', 'bcb60c15-7388-41c7-85b4-1ff5a6a66ca9');
INSERT INTO public.role_permissions VALUES ('7d797575-ca37-4ce5-8933-9bd5939ff4a9', '92fad553-2b08-4ead-abf3-2e3bb8310324');
INSERT INTO public.role_permissions VALUES ('7d797575-ca37-4ce5-8933-9bd5939ff4a9', '5efdb4b2-3f63-4b41-b4bf-f88ec2d97724');
INSERT INTO public.role_permissions VALUES ('7d797575-ca37-4ce5-8933-9bd5939ff4a9', '19563303-fdac-4831-9d7e-702ac3164362');
INSERT INTO public.role_permissions VALUES ('3d050ecf-c519-487b-b8a5-e37ffad8de43', 'c351f32f-2bd8-44e0-ae23-25b0d56386dd');
INSERT INTO public.role_permissions VALUES ('3d050ecf-c519-487b-b8a5-e37ffad8de43', 'bcb60c15-7388-41c7-85b4-1ff5a6a66ca9');
INSERT INTO public.role_permissions VALUES ('3d050ecf-c519-487b-b8a5-e37ffad8de43', '19563303-fdac-4831-9d7e-702ac3164362');
INSERT INTO public.role_permissions VALUES ('3d050ecf-c519-487b-b8a5-e37ffad8de43', '611d49c3-2023-46dc-9b22-291434f932d6');
INSERT INTO public.role_permissions VALUES ('3d050ecf-c519-487b-b8a5-e37ffad8de43', '3a99d477-83c7-47e7-b335-339071de5db6');
INSERT INTO public.role_permissions VALUES ('3d050ecf-c519-487b-b8a5-e37ffad8de43', 'd8227bfd-27cd-4aba-bdfb-540e3911d676');
INSERT INTO public.role_permissions VALUES ('3d050ecf-c519-487b-b8a5-e37ffad8de43', '992acabf-24a0-4088-b67f-748c0e3806ce');
INSERT INTO public.role_permissions VALUES ('019a97f4-75ff-4f2f-bd7c-e333cd6e4657', 'bcb60c15-7388-41c7-85b4-1ff5a6a66ca9');
INSERT INTO public.role_permissions VALUES ('019a97f4-75ff-4f2f-bd7c-e333cd6e4657', '92fad553-2b08-4ead-abf3-2e3bb8310324');
INSERT INTO public.role_permissions VALUES ('019a97f4-75ff-4f2f-bd7c-e333cd6e4657', '5efdb4b2-3f63-4b41-b4bf-f88ec2d97724');
INSERT INTO public.role_permissions VALUES ('019a97f4-75ff-4f2f-bd7c-e333cd6e4657', '19563303-fdac-4831-9d7e-702ac3164362');
INSERT INTO public.role_permissions VALUES ('570bfeaf-e976-40f9-b2e6-ce26c91c1338', 'bcb60c15-7388-41c7-85b4-1ff5a6a66ca9');
INSERT INTO public.role_permissions VALUES ('570bfeaf-e976-40f9-b2e6-ce26c91c1338', '92fad553-2b08-4ead-abf3-2e3bb8310324');
INSERT INTO public.role_permissions VALUES ('570bfeaf-e976-40f9-b2e6-ce26c91c1338', '5efdb4b2-3f63-4b41-b4bf-f88ec2d97724');
INSERT INTO public.role_permissions VALUES ('570bfeaf-e976-40f9-b2e6-ce26c91c1338', '19563303-fdac-4831-9d7e-702ac3164362');
INSERT INTO public.role_permissions VALUES ('8e58801a-879d-455d-b2aa-a7d4923f1113', 'bcb60c15-7388-41c7-85b4-1ff5a6a66ca9');
INSERT INTO public.role_permissions VALUES ('8e58801a-879d-455d-b2aa-a7d4923f1113', '92fad553-2b08-4ead-abf3-2e3bb8310324');
INSERT INTO public.role_permissions VALUES ('8e58801a-879d-455d-b2aa-a7d4923f1113', '5efdb4b2-3f63-4b41-b4bf-f88ec2d97724');
INSERT INTO public.role_permissions VALUES ('8e58801a-879d-455d-b2aa-a7d4923f1113', '19563303-fdac-4831-9d7e-702ac3164362');
INSERT INTO public.role_permissions VALUES ('9fadb2a8-5cb5-4f8d-9908-6dd916a116a2', 'c351f32f-2bd8-44e0-ae23-25b0d56386dd');
INSERT INTO public.role_permissions VALUES ('9fadb2a8-5cb5-4f8d-9908-6dd916a116a2', 'aa2469e8-61f1-462a-a640-f47778b3120a');
INSERT INTO public.role_permissions VALUES ('9fadb2a8-5cb5-4f8d-9908-6dd916a116a2', '37cf2172-f45e-4ce1-9df7-e04b517dc140');
INSERT INTO public.role_permissions VALUES ('9fadb2a8-5cb5-4f8d-9908-6dd916a116a2', 'e3a42885-ce42-4cb5-8264-8404b81237d2');
INSERT INTO public.role_permissions VALUES ('9fadb2a8-5cb5-4f8d-9908-6dd916a116a2', '92fad553-2b08-4ead-abf3-2e3bb8310324');
INSERT INTO public.role_permissions VALUES ('9fadb2a8-5cb5-4f8d-9908-6dd916a116a2', '5efdb4b2-3f63-4b41-b4bf-f88ec2d97724');
INSERT INTO public.role_permissions VALUES ('9fadb2a8-5cb5-4f8d-9908-6dd916a116a2', '19563303-fdac-4831-9d7e-702ac3164362');
INSERT INTO public.role_permissions VALUES ('4470b4fe-df45-4354-904a-f8fa3d8026a9', 'c351f32f-2bd8-44e0-ae23-25b0d56386dd');
INSERT INTO public.role_permissions VALUES ('4470b4fe-df45-4354-904a-f8fa3d8026a9', 'aa2469e8-61f1-462a-a640-f47778b3120a');
INSERT INTO public.role_permissions VALUES ('4470b4fe-df45-4354-904a-f8fa3d8026a9', '37cf2172-f45e-4ce1-9df7-e04b517dc140');
INSERT INTO public.role_permissions VALUES ('4470b4fe-df45-4354-904a-f8fa3d8026a9', 'e3a42885-ce42-4cb5-8264-8404b81237d2');
INSERT INTO public.role_permissions VALUES ('4470b4fe-df45-4354-904a-f8fa3d8026a9', '92fad553-2b08-4ead-abf3-2e3bb8310324');
INSERT INTO public.role_permissions VALUES ('4470b4fe-df45-4354-904a-f8fa3d8026a9', '5efdb4b2-3f63-4b41-b4bf-f88ec2d97724');
INSERT INTO public.role_permissions VALUES ('4470b4fe-df45-4354-904a-f8fa3d8026a9', '19563303-fdac-4831-9d7e-702ac3164362');
INSERT INTO public.role_permissions VALUES ('38318f60-4962-4736-a02f-48bff6679b99', 'c351f32f-2bd8-44e0-ae23-25b0d56386dd');
INSERT INTO public.role_permissions VALUES ('38318f60-4962-4736-a02f-48bff6679b99', 'aa2469e8-61f1-462a-a640-f47778b3120a');
INSERT INTO public.role_permissions VALUES ('38318f60-4962-4736-a02f-48bff6679b99', '37cf2172-f45e-4ce1-9df7-e04b517dc140');
INSERT INTO public.role_permissions VALUES ('38318f60-4962-4736-a02f-48bff6679b99', 'e3a42885-ce42-4cb5-8264-8404b81237d2');
INSERT INTO public.role_permissions VALUES ('38318f60-4962-4736-a02f-48bff6679b99', '92fad553-2b08-4ead-abf3-2e3bb8310324');
INSERT INTO public.role_permissions VALUES ('38318f60-4962-4736-a02f-48bff6679b99', '5efdb4b2-3f63-4b41-b4bf-f88ec2d97724');
INSERT INTO public.role_permissions VALUES ('38318f60-4962-4736-a02f-48bff6679b99', '19563303-fdac-4831-9d7e-702ac3164362');
INSERT INTO public.role_permissions VALUES ('ecb0bbc5-89df-4877-8150-c7068bed0d86', 'bcb60c15-7388-41c7-85b4-1ff5a6a66ca9');
INSERT INTO public.role_permissions VALUES ('ecb0bbc5-89df-4877-8150-c7068bed0d86', '92fad553-2b08-4ead-abf3-2e3bb8310324');
INSERT INTO public.role_permissions VALUES ('ecb0bbc5-89df-4877-8150-c7068bed0d86', '5efdb4b2-3f63-4b41-b4bf-f88ec2d97724');
INSERT INTO public.role_permissions VALUES ('ecb0bbc5-89df-4877-8150-c7068bed0d86', '19563303-fdac-4831-9d7e-702ac3164362');
INSERT INTO public.role_permissions VALUES ('a1544450-5923-4911-93a7-1114adf8884b', 'c351f32f-2bd8-44e0-ae23-25b0d56386dd');
INSERT INTO public.role_permissions VALUES ('a1544450-5923-4911-93a7-1114adf8884b', 'aa2469e8-61f1-462a-a640-f47778b3120a');
INSERT INTO public.role_permissions VALUES ('a1544450-5923-4911-93a7-1114adf8884b', '37cf2172-f45e-4ce1-9df7-e04b517dc140');
INSERT INTO public.role_permissions VALUES ('a1544450-5923-4911-93a7-1114adf8884b', 'e3a42885-ce42-4cb5-8264-8404b81237d2');
INSERT INTO public.role_permissions VALUES ('a1544450-5923-4911-93a7-1114adf8884b', '92fad553-2b08-4ead-abf3-2e3bb8310324');
INSERT INTO public.role_permissions VALUES ('a1544450-5923-4911-93a7-1114adf8884b', '5efdb4b2-3f63-4b41-b4bf-f88ec2d97724');
INSERT INTO public.role_permissions VALUES ('a1544450-5923-4911-93a7-1114adf8884b', '19563303-fdac-4831-9d7e-702ac3164362');
INSERT INTO public.role_permissions VALUES ('94b250a3-50ef-4ec4-b907-ee3eba4382b2', 'c7456667-92f7-4e49-a822-7667b935f12c');
INSERT INTO public.role_permissions VALUES ('94b250a3-50ef-4ec4-b907-ee3eba4382b2', '7c1d2ac8-cdea-45b3-bf56-ef32634ea454');
INSERT INTO public.role_permissions VALUES ('94b250a3-50ef-4ec4-b907-ee3eba4382b2', '675acf56-d3e5-4eae-97ad-13dd444ee427');
INSERT INTO public.role_permissions VALUES ('94b250a3-50ef-4ec4-b907-ee3eba4382b2', 'a0ef0d37-96f1-47e3-91a8-ee8621305166');
INSERT INTO public.role_permissions VALUES ('94b250a3-50ef-4ec4-b907-ee3eba4382b2', 'd4e8f35e-b407-4fbe-bbd9-50a13b1af79f');
INSERT INTO public.role_permissions VALUES ('94b250a3-50ef-4ec4-b907-ee3eba4382b2', '4eb754d5-6aba-4188-977e-0404b2ac09c8');
INSERT INTO public.role_permissions VALUES ('94b250a3-50ef-4ec4-b907-ee3eba4382b2', '23c662b9-b6fd-4a1b-b43d-77aa7a82d69e');
INSERT INTO public.role_permissions VALUES ('473fe32a-22c1-43fd-abea-d9798cb5aa57', 'c7456667-92f7-4e49-a822-7667b935f12c');
INSERT INTO public.role_permissions VALUES ('473fe32a-22c1-43fd-abea-d9798cb5aa57', '7c1d2ac8-cdea-45b3-bf56-ef32634ea454');
INSERT INTO public.role_permissions VALUES ('473fe32a-22c1-43fd-abea-d9798cb5aa57', '675acf56-d3e5-4eae-97ad-13dd444ee427');
INSERT INTO public.role_permissions VALUES ('473fe32a-22c1-43fd-abea-d9798cb5aa57', 'a0ef0d37-96f1-47e3-91a8-ee8621305166');
INSERT INTO public.role_permissions VALUES ('473fe32a-22c1-43fd-abea-d9798cb5aa57', 'd4e8f35e-b407-4fbe-bbd9-50a13b1af79f');
INSERT INTO public.role_permissions VALUES ('473fe32a-22c1-43fd-abea-d9798cb5aa57', '4eb754d5-6aba-4188-977e-0404b2ac09c8');
INSERT INTO public.role_permissions VALUES ('473fe32a-22c1-43fd-abea-d9798cb5aa57', '23c662b9-b6fd-4a1b-b43d-77aa7a82d69e');
INSERT INTO public.role_permissions VALUES ('622f2951-3c32-4e07-8ee9-ec8014af352f', '4eb754d5-6aba-4188-977e-0404b2ac09c8');
INSERT INTO public.role_permissions VALUES ('622f2951-3c32-4e07-8ee9-ec8014af352f', 'c7456667-92f7-4e49-a822-7667b935f12c');
INSERT INTO public.role_permissions VALUES ('622f2951-3c32-4e07-8ee9-ec8014af352f', '7c1d2ac8-cdea-45b3-bf56-ef32634ea454');
INSERT INTO public.role_permissions VALUES ('622f2951-3c32-4e07-8ee9-ec8014af352f', '675acf56-d3e5-4eae-97ad-13dd444ee427');
INSERT INTO public.role_permissions VALUES ('622f2951-3c32-4e07-8ee9-ec8014af352f', 'a0ef0d37-96f1-47e3-91a8-ee8621305166');
INSERT INTO public.role_permissions VALUES ('622f2951-3c32-4e07-8ee9-ec8014af352f', 'd4e8f35e-b407-4fbe-bbd9-50a13b1af79f');
INSERT INTO public.role_permissions VALUES ('3d050ecf-c519-487b-b8a5-e37ffad8de43', 'c7456667-92f7-4e49-a822-7667b935f12c');
INSERT INTO public.role_permissions VALUES ('622f2951-3c32-4e07-8ee9-ec8014af352f', '866436ef-fd5c-4e81-abfe-ee1e1c403f89');
INSERT INTO public.role_permissions VALUES ('622f2951-3c32-4e07-8ee9-ec8014af352f', '37cf2172-f45e-4ce1-9df7-e04b517dc140');
INSERT INTO public.role_permissions VALUES ('622f2951-3c32-4e07-8ee9-ec8014af352f', '92fad553-2b08-4ead-abf3-2e3bb8310324');
INSERT INTO public.role_permissions VALUES ('622f2951-3c32-4e07-8ee9-ec8014af352f', '5efdb4b2-3f63-4b41-b4bf-f88ec2d97724');
INSERT INTO public.role_permissions VALUES ('f98792f0-7697-4dbd-9bc3-eba26f36704d', 'e3a42885-ce42-4cb5-8264-8404b81237d2');
INSERT INTO public.role_permissions VALUES ('f98792f0-7697-4dbd-9bc3-eba26f36704d', '19563303-fdac-4831-9d7e-702ac3164362');
INSERT INTO public.role_permissions VALUES ('f98792f0-7697-4dbd-9bc3-eba26f36704d', '866436ef-fd5c-4e81-abfe-ee1e1c403f89');
INSERT INTO public.role_permissions VALUES ('f98792f0-7697-4dbd-9bc3-eba26f36704d', '4160e1c6-8a21-47ec-8e70-819c495af58e');
INSERT INTO public.role_permissions VALUES ('f98792f0-7697-4dbd-9bc3-eba26f36704d', 'bcb60c15-7388-41c7-85b4-1ff5a6a66ca9');
INSERT INTO public.role_permissions VALUES ('f98792f0-7697-4dbd-9bc3-eba26f36704d', '4af353e4-e8db-4e69-ad03-c7664cd3c17b');
INSERT INTO public.role_permissions VALUES ('f98792f0-7697-4dbd-9bc3-eba26f36704d', '3a99d477-83c7-47e7-b335-339071de5db6');
INSERT INTO public.role_permissions VALUES ('0007a69c-ec98-4102-9099-24f9c0492440', 'c7456667-92f7-4e49-a822-7667b935f12c');
INSERT INTO public.role_permissions VALUES ('0007a69c-ec98-4102-9099-24f9c0492440', '866436ef-fd5c-4e81-abfe-ee1e1c403f89');
INSERT INTO public.role_permissions VALUES ('0007a69c-ec98-4102-9099-24f9c0492440', '4160e1c6-8a21-47ec-8e70-819c495af58e');
INSERT INTO public.role_permissions VALUES ('0007a69c-ec98-4102-9099-24f9c0492440', 'bcb60c15-7388-41c7-85b4-1ff5a6a66ca9');
INSERT INTO public.role_permissions VALUES ('0007a69c-ec98-4102-9099-24f9c0492440', '4af353e4-e8db-4e69-ad03-c7664cd3c17b');
INSERT INTO public.role_permissions VALUES ('0007a69c-ec98-4102-9099-24f9c0492440', '3a99d477-83c7-47e7-b335-339071de5db6');
INSERT INTO public.role_permissions VALUES ('7d797575-ca37-4ce5-8933-9bd5939ff4a9', '4af353e4-e8db-4e69-ad03-c7664cd3c17b');
INSERT INTO public.role_permissions VALUES ('7d797575-ca37-4ce5-8933-9bd5939ff4a9', '3a99d477-83c7-47e7-b335-339071de5db6');
INSERT INTO public.role_permissions VALUES ('7d797575-ca37-4ce5-8933-9bd5939ff4a9', 'c7456667-92f7-4e49-a822-7667b935f12c');
INSERT INTO public.role_permissions VALUES ('019a97f4-75ff-4f2f-bd7c-e333cd6e4657', '4af353e4-e8db-4e69-ad03-c7664cd3c17b');
INSERT INTO public.role_permissions VALUES ('019a97f4-75ff-4f2f-bd7c-e333cd6e4657', '3a99d477-83c7-47e7-b335-339071de5db6');
INSERT INTO public.role_permissions VALUES ('570bfeaf-e976-40f9-b2e6-ce26c91c1338', '4af353e4-e8db-4e69-ad03-c7664cd3c17b');
INSERT INTO public.role_permissions VALUES ('570bfeaf-e976-40f9-b2e6-ce26c91c1338', '3a99d477-83c7-47e7-b335-339071de5db6');
INSERT INTO public.role_permissions VALUES ('8e58801a-879d-455d-b2aa-a7d4923f1113', '4af353e4-e8db-4e69-ad03-c7664cd3c17b');
INSERT INTO public.role_permissions VALUES ('8e58801a-879d-455d-b2aa-a7d4923f1113', '3a99d477-83c7-47e7-b335-339071de5db6');
INSERT INTO public.role_permissions VALUES ('9fadb2a8-5cb5-4f8d-9908-6dd916a116a2', '866436ef-fd5c-4e81-abfe-ee1e1c403f89');
INSERT INTO public.role_permissions VALUES ('9fadb2a8-5cb5-4f8d-9908-6dd916a116a2', '4160e1c6-8a21-47ec-8e70-819c495af58e');
INSERT INTO public.role_permissions VALUES ('9fadb2a8-5cb5-4f8d-9908-6dd916a116a2', 'bcb60c15-7388-41c7-85b4-1ff5a6a66ca9');
INSERT INTO public.role_permissions VALUES ('9fadb2a8-5cb5-4f8d-9908-6dd916a116a2', '4af353e4-e8db-4e69-ad03-c7664cd3c17b');
INSERT INTO public.role_permissions VALUES ('9fadb2a8-5cb5-4f8d-9908-6dd916a116a2', '3a99d477-83c7-47e7-b335-339071de5db6');
INSERT INTO public.role_permissions VALUES ('4470b4fe-df45-4354-904a-f8fa3d8026a9', '866436ef-fd5c-4e81-abfe-ee1e1c403f89');
INSERT INTO public.role_permissions VALUES ('4470b4fe-df45-4354-904a-f8fa3d8026a9', '4160e1c6-8a21-47ec-8e70-819c495af58e');
INSERT INTO public.role_permissions VALUES ('4470b4fe-df45-4354-904a-f8fa3d8026a9', 'bcb60c15-7388-41c7-85b4-1ff5a6a66ca9');
INSERT INTO public.role_permissions VALUES ('4470b4fe-df45-4354-904a-f8fa3d8026a9', '4af353e4-e8db-4e69-ad03-c7664cd3c17b');
INSERT INTO public.role_permissions VALUES ('4470b4fe-df45-4354-904a-f8fa3d8026a9', '3a99d477-83c7-47e7-b335-339071de5db6');
INSERT INTO public.role_permissions VALUES ('38318f60-4962-4736-a02f-48bff6679b99', '866436ef-fd5c-4e81-abfe-ee1e1c403f89');
INSERT INTO public.role_permissions VALUES ('38318f60-4962-4736-a02f-48bff6679b99', '4160e1c6-8a21-47ec-8e70-819c495af58e');
INSERT INTO public.role_permissions VALUES ('38318f60-4962-4736-a02f-48bff6679b99', 'bcb60c15-7388-41c7-85b4-1ff5a6a66ca9');
INSERT INTO public.role_permissions VALUES ('38318f60-4962-4736-a02f-48bff6679b99', '4af353e4-e8db-4e69-ad03-c7664cd3c17b');
INSERT INTO public.role_permissions VALUES ('38318f60-4962-4736-a02f-48bff6679b99', '3a99d477-83c7-47e7-b335-339071de5db6');
INSERT INTO public.role_permissions VALUES ('ecb0bbc5-89df-4877-8150-c7068bed0d86', '4af353e4-e8db-4e69-ad03-c7664cd3c17b');
INSERT INTO public.role_permissions VALUES ('ecb0bbc5-89df-4877-8150-c7068bed0d86', '3a99d477-83c7-47e7-b335-339071de5db6');
INSERT INTO public.role_permissions VALUES ('a1544450-5923-4911-93a7-1114adf8884b', '866436ef-fd5c-4e81-abfe-ee1e1c403f89');
INSERT INTO public.role_permissions VALUES ('a1544450-5923-4911-93a7-1114adf8884b', '4160e1c6-8a21-47ec-8e70-819c495af58e');
INSERT INTO public.role_permissions VALUES ('a1544450-5923-4911-93a7-1114adf8884b', 'bcb60c15-7388-41c7-85b4-1ff5a6a66ca9');
INSERT INTO public.role_permissions VALUES ('a1544450-5923-4911-93a7-1114adf8884b', '4af353e4-e8db-4e69-ad03-c7664cd3c17b');
INSERT INTO public.role_permissions VALUES ('a1544450-5923-4911-93a7-1114adf8884b', '3a99d477-83c7-47e7-b335-339071de5db6');
INSERT INTO public.role_permissions VALUES ('94b250a3-50ef-4ec4-b907-ee3eba4382b2', 'a8c405ea-a145-4b23-809d-0563fe88f35d');
INSERT INTO public.role_permissions VALUES ('473fe32a-22c1-43fd-abea-d9798cb5aa57', 'a8c405ea-a145-4b23-809d-0563fe88f35d');
INSERT INTO public.role_permissions VALUES ('622f2951-3c32-4e07-8ee9-ec8014af352f', 'a8c405ea-a145-4b23-809d-0563fe88f35d');
INSERT INTO public.role_permissions VALUES ('f98792f0-7697-4dbd-9bc3-eba26f36704d', 'a8c405ea-a145-4b23-809d-0563fe88f35d');
INSERT INTO public.role_permissions VALUES ('94b250a3-50ef-4ec4-b907-ee3eba4382b2', '336902f5-b5dc-4022-bf6b-be2346e4c1ce');
INSERT INTO public.role_permissions VALUES ('94b250a3-50ef-4ec4-b907-ee3eba4382b2', '15783619-af55-4337-a465-deffd6d49b8c');
INSERT INTO public.role_permissions VALUES ('94b250a3-50ef-4ec4-b907-ee3eba4382b2', '359f8395-3f3f-4f94-bdc7-b07abb623ebd');
INSERT INTO public.role_permissions VALUES ('473fe32a-22c1-43fd-abea-d9798cb5aa57', '336902f5-b5dc-4022-bf6b-be2346e4c1ce');
INSERT INTO public.role_permissions VALUES ('473fe32a-22c1-43fd-abea-d9798cb5aa57', '15783619-af55-4337-a465-deffd6d49b8c');
INSERT INTO public.role_permissions VALUES ('473fe32a-22c1-43fd-abea-d9798cb5aa57', '359f8395-3f3f-4f94-bdc7-b07abb623ebd');
INSERT INTO public.role_permissions VALUES ('622f2951-3c32-4e07-8ee9-ec8014af352f', '15783619-af55-4337-a465-deffd6d49b8c');
INSERT INTO public.role_permissions VALUES ('622f2951-3c32-4e07-8ee9-ec8014af352f', '359f8395-3f3f-4f94-bdc7-b07abb623ebd');
INSERT INTO public.role_permissions VALUES ('622f2951-3c32-4e07-8ee9-ec8014af352f', '336902f5-b5dc-4022-bf6b-be2346e4c1ce');
INSERT INTO public.role_permissions VALUES ('f98792f0-7697-4dbd-9bc3-eba26f36704d', '15783619-af55-4337-a465-deffd6d49b8c');
INSERT INTO public.role_permissions VALUES ('f98792f0-7697-4dbd-9bc3-eba26f36704d', '359f8395-3f3f-4f94-bdc7-b07abb623ebd');
INSERT INTO public.role_permissions VALUES ('f98792f0-7697-4dbd-9bc3-eba26f36704d', '336902f5-b5dc-4022-bf6b-be2346e4c1ce');
INSERT INTO public.role_permissions VALUES ('0007a69c-ec98-4102-9099-24f9c0492440', 'a8c405ea-a145-4b23-809d-0563fe88f35d');
INSERT INTO public.role_permissions VALUES ('0007a69c-ec98-4102-9099-24f9c0492440', '15783619-af55-4337-a465-deffd6d49b8c');
INSERT INTO public.role_permissions VALUES ('0007a69c-ec98-4102-9099-24f9c0492440', '359f8395-3f3f-4f94-bdc7-b07abb623ebd');
INSERT INTO public.role_permissions VALUES ('0007a69c-ec98-4102-9099-24f9c0492440', '336902f5-b5dc-4022-bf6b-be2346e4c1ce');
INSERT INTO public.role_permissions VALUES ('9fadb2a8-5cb5-4f8d-9908-6dd916a116a2', 'a8c405ea-a145-4b23-809d-0563fe88f35d');
INSERT INTO public.role_permissions VALUES ('9fadb2a8-5cb5-4f8d-9908-6dd916a116a2', '15783619-af55-4337-a465-deffd6d49b8c');
INSERT INTO public.role_permissions VALUES ('9fadb2a8-5cb5-4f8d-9908-6dd916a116a2', '359f8395-3f3f-4f94-bdc7-b07abb623ebd');
INSERT INTO public.role_permissions VALUES ('9fadb2a8-5cb5-4f8d-9908-6dd916a116a2', '336902f5-b5dc-4022-bf6b-be2346e4c1ce');
INSERT INTO public.role_permissions VALUES ('4470b4fe-df45-4354-904a-f8fa3d8026a9', 'a8c405ea-a145-4b23-809d-0563fe88f35d');
INSERT INTO public.role_permissions VALUES ('4470b4fe-df45-4354-904a-f8fa3d8026a9', '15783619-af55-4337-a465-deffd6d49b8c');
INSERT INTO public.role_permissions VALUES ('4470b4fe-df45-4354-904a-f8fa3d8026a9', '359f8395-3f3f-4f94-bdc7-b07abb623ebd');
INSERT INTO public.role_permissions VALUES ('4470b4fe-df45-4354-904a-f8fa3d8026a9', '336902f5-b5dc-4022-bf6b-be2346e4c1ce');
INSERT INTO public.role_permissions VALUES ('38318f60-4962-4736-a02f-48bff6679b99', 'a8c405ea-a145-4b23-809d-0563fe88f35d');
INSERT INTO public.role_permissions VALUES ('38318f60-4962-4736-a02f-48bff6679b99', '15783619-af55-4337-a465-deffd6d49b8c');
INSERT INTO public.role_permissions VALUES ('38318f60-4962-4736-a02f-48bff6679b99', '359f8395-3f3f-4f94-bdc7-b07abb623ebd');
INSERT INTO public.role_permissions VALUES ('38318f60-4962-4736-a02f-48bff6679b99', '336902f5-b5dc-4022-bf6b-be2346e4c1ce');
INSERT INTO public.role_permissions VALUES ('a1544450-5923-4911-93a7-1114adf8884b', 'a8c405ea-a145-4b23-809d-0563fe88f35d');
INSERT INTO public.role_permissions VALUES ('a1544450-5923-4911-93a7-1114adf8884b', '15783619-af55-4337-a465-deffd6d49b8c');
INSERT INTO public.role_permissions VALUES ('a1544450-5923-4911-93a7-1114adf8884b', '359f8395-3f3f-4f94-bdc7-b07abb623ebd');
INSERT INTO public.role_permissions VALUES ('a1544450-5923-4911-93a7-1114adf8884b', '336902f5-b5dc-4022-bf6b-be2346e4c1ce');
INSERT INTO public.role_permissions VALUES ('94b250a3-50ef-4ec4-b907-ee3eba4382b2', '4e60ee44-304f-495c-af0c-bf2593d3afb7');
INSERT INTO public.role_permissions VALUES ('94b250a3-50ef-4ec4-b907-ee3eba4382b2', '9278dcec-1f0c-480f-b11d-3686994f0e6e');
INSERT INTO public.role_permissions VALUES ('94b250a3-50ef-4ec4-b907-ee3eba4382b2', '10db8a23-e12c-4b7e-bae4-982243d22ed8');
INSERT INTO public.role_permissions VALUES ('94b250a3-50ef-4ec4-b907-ee3eba4382b2', '1579a7eb-3782-4432-9265-a11fa7886c5d');
INSERT INTO public.role_permissions VALUES ('94b250a3-50ef-4ec4-b907-ee3eba4382b2', 'e3e908d6-5aa0-4c06-86bb-c0d1336b1e1b');
INSERT INTO public.role_permissions VALUES ('94b250a3-50ef-4ec4-b907-ee3eba4382b2', '37da4ca4-0dec-4a51-b771-12e309481c25');
INSERT INTO public.role_permissions VALUES ('94b250a3-50ef-4ec4-b907-ee3eba4382b2', 'ab9c4180-eee6-4768-8f31-ec1d6df529ed');
INSERT INTO public.role_permissions VALUES ('94b250a3-50ef-4ec4-b907-ee3eba4382b2', 'f79d7020-4dd2-46e6-af39-114d63f4fd01');
INSERT INTO public.role_permissions VALUES ('94b250a3-50ef-4ec4-b907-ee3eba4382b2', 'a2a1a74c-f4c4-4812-be4c-0e403dfab480');
INSERT INTO public.role_permissions VALUES ('94b250a3-50ef-4ec4-b907-ee3eba4382b2', '4e58840f-8947-408d-8268-955a1801f60f');
INSERT INTO public.role_permissions VALUES ('94b250a3-50ef-4ec4-b907-ee3eba4382b2', '30b0af33-3a78-4b5f-9d0f-5e4d618d4765');
INSERT INTO public.role_permissions VALUES ('94b250a3-50ef-4ec4-b907-ee3eba4382b2', '2261c902-1d3e-4407-881d-0a20f073763b');
INSERT INTO public.role_permissions VALUES ('473fe32a-22c1-43fd-abea-d9798cb5aa57', '4e60ee44-304f-495c-af0c-bf2593d3afb7');
INSERT INTO public.role_permissions VALUES ('473fe32a-22c1-43fd-abea-d9798cb5aa57', '9278dcec-1f0c-480f-b11d-3686994f0e6e');
INSERT INTO public.role_permissions VALUES ('473fe32a-22c1-43fd-abea-d9798cb5aa57', '10db8a23-e12c-4b7e-bae4-982243d22ed8');
INSERT INTO public.role_permissions VALUES ('473fe32a-22c1-43fd-abea-d9798cb5aa57', '1579a7eb-3782-4432-9265-a11fa7886c5d');
INSERT INTO public.role_permissions VALUES ('473fe32a-22c1-43fd-abea-d9798cb5aa57', 'e3e908d6-5aa0-4c06-86bb-c0d1336b1e1b');
INSERT INTO public.role_permissions VALUES ('473fe32a-22c1-43fd-abea-d9798cb5aa57', '37da4ca4-0dec-4a51-b771-12e309481c25');
INSERT INTO public.role_permissions VALUES ('473fe32a-22c1-43fd-abea-d9798cb5aa57', 'ab9c4180-eee6-4768-8f31-ec1d6df529ed');
INSERT INTO public.role_permissions VALUES ('473fe32a-22c1-43fd-abea-d9798cb5aa57', 'f79d7020-4dd2-46e6-af39-114d63f4fd01');
INSERT INTO public.role_permissions VALUES ('473fe32a-22c1-43fd-abea-d9798cb5aa57', 'a2a1a74c-f4c4-4812-be4c-0e403dfab480');
INSERT INTO public.role_permissions VALUES ('473fe32a-22c1-43fd-abea-d9798cb5aa57', '4e58840f-8947-408d-8268-955a1801f60f');
INSERT INTO public.role_permissions VALUES ('473fe32a-22c1-43fd-abea-d9798cb5aa57', '30b0af33-3a78-4b5f-9d0f-5e4d618d4765');
INSERT INTO public.role_permissions VALUES ('473fe32a-22c1-43fd-abea-d9798cb5aa57', '2261c902-1d3e-4407-881d-0a20f073763b');
INSERT INTO public.role_permissions VALUES ('622f2951-3c32-4e07-8ee9-ec8014af352f', '2c228455-f7f2-4e5f-9387-873f61c7e6a9');
INSERT INTO public.role_permissions VALUES ('622f2951-3c32-4e07-8ee9-ec8014af352f', '4e60ee44-304f-495c-af0c-bf2593d3afb7');
INSERT INTO public.role_permissions VALUES ('622f2951-3c32-4e07-8ee9-ec8014af352f', '37da4ca4-0dec-4a51-b771-12e309481c25');
INSERT INTO public.role_permissions VALUES ('622f2951-3c32-4e07-8ee9-ec8014af352f', 'ab9c4180-eee6-4768-8f31-ec1d6df529ed');
INSERT INTO public.role_permissions VALUES ('622f2951-3c32-4e07-8ee9-ec8014af352f', 'f79d7020-4dd2-46e6-af39-114d63f4fd01');
INSERT INTO public.role_permissions VALUES ('622f2951-3c32-4e07-8ee9-ec8014af352f', 'a2a1a74c-f4c4-4812-be4c-0e403dfab480');
INSERT INTO public.role_permissions VALUES ('622f2951-3c32-4e07-8ee9-ec8014af352f', '4e58840f-8947-408d-8268-955a1801f60f');
INSERT INTO public.role_permissions VALUES ('622f2951-3c32-4e07-8ee9-ec8014af352f', '30b0af33-3a78-4b5f-9d0f-5e4d618d4765');
INSERT INTO public.role_permissions VALUES ('622f2951-3c32-4e07-8ee9-ec8014af352f', '2261c902-1d3e-4407-881d-0a20f073763b');
INSERT INTO public.role_permissions VALUES ('f98792f0-7697-4dbd-9bc3-eba26f36704d', '37cf2172-f45e-4ce1-9df7-e04b517dc140');
INSERT INTO public.role_permissions VALUES ('f98792f0-7697-4dbd-9bc3-eba26f36704d', '92fad553-2b08-4ead-abf3-2e3bb8310324');
INSERT INTO public.role_permissions VALUES ('f98792f0-7697-4dbd-9bc3-eba26f36704d', '5efdb4b2-3f63-4b41-b4bf-f88ec2d97724');
INSERT INTO public.role_permissions VALUES ('f98792f0-7697-4dbd-9bc3-eba26f36704d', '37da4ca4-0dec-4a51-b771-12e309481c25');
INSERT INTO public.role_permissions VALUES ('f98792f0-7697-4dbd-9bc3-eba26f36704d', 'ab9c4180-eee6-4768-8f31-ec1d6df529ed');
INSERT INTO public.role_permissions VALUES ('f98792f0-7697-4dbd-9bc3-eba26f36704d', 'f79d7020-4dd2-46e6-af39-114d63f4fd01');
INSERT INTO public.role_permissions VALUES ('f98792f0-7697-4dbd-9bc3-eba26f36704d', 'a2a1a74c-f4c4-4812-be4c-0e403dfab480');
INSERT INTO public.role_permissions VALUES ('f98792f0-7697-4dbd-9bc3-eba26f36704d', '4e58840f-8947-408d-8268-955a1801f60f');
INSERT INTO public.role_permissions VALUES ('f98792f0-7697-4dbd-9bc3-eba26f36704d', '30b0af33-3a78-4b5f-9d0f-5e4d618d4765');
INSERT INTO public.role_permissions VALUES ('f98792f0-7697-4dbd-9bc3-eba26f36704d', '2261c902-1d3e-4407-881d-0a20f073763b');
INSERT INTO public.role_permissions VALUES ('3d050ecf-c519-487b-b8a5-e37ffad8de43', '10db8a23-e12c-4b7e-bae4-982243d22ed8');
INSERT INTO public.role_permissions VALUES ('3d050ecf-c519-487b-b8a5-e37ffad8de43', '37da4ca4-0dec-4a51-b771-12e309481c25');
INSERT INTO public.role_permissions VALUES ('7d797575-ca37-4ce5-8933-9bd5939ff4a9', 'a8c405ea-a145-4b23-809d-0563fe88f35d');
INSERT INTO public.role_permissions VALUES ('7d797575-ca37-4ce5-8933-9bd5939ff4a9', '15783619-af55-4337-a465-deffd6d49b8c');
INSERT INTO public.role_permissions VALUES ('7d797575-ca37-4ce5-8933-9bd5939ff4a9', '359f8395-3f3f-4f94-bdc7-b07abb623ebd');
INSERT INTO public.role_permissions VALUES ('7d797575-ca37-4ce5-8933-9bd5939ff4a9', '336902f5-b5dc-4022-bf6b-be2346e4c1ce');
INSERT INTO public.role_permissions VALUES ('3d050ecf-c519-487b-b8a5-e37ffad8de43', 'a8c405ea-a145-4b23-809d-0563fe88f35d');
INSERT INTO public.role_permissions VALUES ('3d050ecf-c519-487b-b8a5-e37ffad8de43', '15783619-af55-4337-a465-deffd6d49b8c');
INSERT INTO public.role_permissions VALUES ('3d050ecf-c519-487b-b8a5-e37ffad8de43', '359f8395-3f3f-4f94-bdc7-b07abb623ebd');
INSERT INTO public.role_permissions VALUES ('3d050ecf-c519-487b-b8a5-e37ffad8de43', '336902f5-b5dc-4022-bf6b-be2346e4c1ce');
INSERT INTO public.role_permissions VALUES ('019a97f4-75ff-4f2f-bd7c-e333cd6e4657', 'a8c405ea-a145-4b23-809d-0563fe88f35d');
INSERT INTO public.role_permissions VALUES ('019a97f4-75ff-4f2f-bd7c-e333cd6e4657', '15783619-af55-4337-a465-deffd6d49b8c');
INSERT INTO public.role_permissions VALUES ('019a97f4-75ff-4f2f-bd7c-e333cd6e4657', '359f8395-3f3f-4f94-bdc7-b07abb623ebd');
INSERT INTO public.role_permissions VALUES ('019a97f4-75ff-4f2f-bd7c-e333cd6e4657', '336902f5-b5dc-4022-bf6b-be2346e4c1ce');
INSERT INTO public.role_permissions VALUES ('570bfeaf-e976-40f9-b2e6-ce26c91c1338', 'a8c405ea-a145-4b23-809d-0563fe88f35d');
INSERT INTO public.role_permissions VALUES ('570bfeaf-e976-40f9-b2e6-ce26c91c1338', '15783619-af55-4337-a465-deffd6d49b8c');
INSERT INTO public.role_permissions VALUES ('570bfeaf-e976-40f9-b2e6-ce26c91c1338', '359f8395-3f3f-4f94-bdc7-b07abb623ebd');
INSERT INTO public.role_permissions VALUES ('570bfeaf-e976-40f9-b2e6-ce26c91c1338', '336902f5-b5dc-4022-bf6b-be2346e4c1ce');
INSERT INTO public.role_permissions VALUES ('8e58801a-879d-455d-b2aa-a7d4923f1113', 'a8c405ea-a145-4b23-809d-0563fe88f35d');
INSERT INTO public.role_permissions VALUES ('8e58801a-879d-455d-b2aa-a7d4923f1113', '15783619-af55-4337-a465-deffd6d49b8c');
INSERT INTO public.role_permissions VALUES ('8e58801a-879d-455d-b2aa-a7d4923f1113', '359f8395-3f3f-4f94-bdc7-b07abb623ebd');
INSERT INTO public.role_permissions VALUES ('8e58801a-879d-455d-b2aa-a7d4923f1113', '336902f5-b5dc-4022-bf6b-be2346e4c1ce');
INSERT INTO public.role_permissions VALUES ('ecb0bbc5-89df-4877-8150-c7068bed0d86', 'a8c405ea-a145-4b23-809d-0563fe88f35d');
INSERT INTO public.role_permissions VALUES ('ecb0bbc5-89df-4877-8150-c7068bed0d86', '15783619-af55-4337-a465-deffd6d49b8c');
INSERT INTO public.role_permissions VALUES ('ecb0bbc5-89df-4877-8150-c7068bed0d86', '359f8395-3f3f-4f94-bdc7-b07abb623ebd');
INSERT INTO public.role_permissions VALUES ('ecb0bbc5-89df-4877-8150-c7068bed0d86', '336902f5-b5dc-4022-bf6b-be2346e4c1ce');
INSERT INTO public.role_permissions VALUES ('94b250a3-50ef-4ec4-b907-ee3eba4382b2', '085c5ada-bf61-4df5-a42d-1d3666dca7e7');
INSERT INTO public.role_permissions VALUES ('94b250a3-50ef-4ec4-b907-ee3eba4382b2', '4a142606-f533-4eef-918c-07ab623a85b7');
INSERT INTO public.role_permissions VALUES ('94b250a3-50ef-4ec4-b907-ee3eba4382b2', '444c232f-c386-4c60-858d-6b2b925074bc');
INSERT INTO public.role_permissions VALUES ('94b250a3-50ef-4ec4-b907-ee3eba4382b2', '2911fc31-0693-4a4b-9238-8080a8025dba');
INSERT INTO public.role_permissions VALUES ('94b250a3-50ef-4ec4-b907-ee3eba4382b2', '30e363a1-553f-4f6d-b089-ac3578acec54');
INSERT INTO public.role_permissions VALUES ('473fe32a-22c1-43fd-abea-d9798cb5aa57', '085c5ada-bf61-4df5-a42d-1d3666dca7e7');
INSERT INTO public.role_permissions VALUES ('473fe32a-22c1-43fd-abea-d9798cb5aa57', '4a142606-f533-4eef-918c-07ab623a85b7');
INSERT INTO public.role_permissions VALUES ('473fe32a-22c1-43fd-abea-d9798cb5aa57', '444c232f-c386-4c60-858d-6b2b925074bc');
INSERT INTO public.role_permissions VALUES ('473fe32a-22c1-43fd-abea-d9798cb5aa57', '2911fc31-0693-4a4b-9238-8080a8025dba');
INSERT INTO public.role_permissions VALUES ('473fe32a-22c1-43fd-abea-d9798cb5aa57', '30e363a1-553f-4f6d-b089-ac3578acec54');
INSERT INTO public.role_permissions VALUES ('622f2951-3c32-4e07-8ee9-ec8014af352f', '4a142606-f533-4eef-918c-07ab623a85b7');
INSERT INTO public.role_permissions VALUES ('622f2951-3c32-4e07-8ee9-ec8014af352f', '30e363a1-553f-4f6d-b089-ac3578acec54');
INSERT INTO public.role_permissions VALUES ('f98792f0-7697-4dbd-9bc3-eba26f36704d', 'c7456667-92f7-4e49-a822-7667b935f12c');
INSERT INTO public.role_permissions VALUES ('019a97f4-75ff-4f2f-bd7c-e333cd6e4657', 'c7456667-92f7-4e49-a822-7667b935f12c');
INSERT INTO public.role_permissions VALUES ('570bfeaf-e976-40f9-b2e6-ce26c91c1338', 'c7456667-92f7-4e49-a822-7667b935f12c');
INSERT INTO public.role_permissions VALUES ('8e58801a-879d-455d-b2aa-a7d4923f1113', 'c7456667-92f7-4e49-a822-7667b935f12c');
INSERT INTO public.role_permissions VALUES ('9fadb2a8-5cb5-4f8d-9908-6dd916a116a2', 'c7456667-92f7-4e49-a822-7667b935f12c');
INSERT INTO public.role_permissions VALUES ('4470b4fe-df45-4354-904a-f8fa3d8026a9', 'c7456667-92f7-4e49-a822-7667b935f12c');
INSERT INTO public.role_permissions VALUES ('38318f60-4962-4736-a02f-48bff6679b99', 'c7456667-92f7-4e49-a822-7667b935f12c');
INSERT INTO public.role_permissions VALUES ('ecb0bbc5-89df-4877-8150-c7068bed0d86', 'c7456667-92f7-4e49-a822-7667b935f12c');
INSERT INTO public.role_permissions VALUES ('a1544450-5923-4911-93a7-1114adf8884b', 'c7456667-92f7-4e49-a822-7667b935f12c');
INSERT INTO public.role_permissions VALUES ('94b250a3-50ef-4ec4-b907-ee3eba4382b2', '960e07e4-a27d-456d-93b2-87a5d9e9e7d0');
INSERT INTO public.role_permissions VALUES ('94b250a3-50ef-4ec4-b907-ee3eba4382b2', '8b8a06a1-93d4-4084-84db-d43ad4c772b6');
INSERT INTO public.role_permissions VALUES ('473fe32a-22c1-43fd-abea-d9798cb5aa57', '8b8a06a1-93d4-4084-84db-d43ad4c772b6');


--
-- PostgreSQL database dump complete
--

\unrestrict wEO7NPOnZeHOnSwxr3maUkFVkLxBN8wCosXgcfwqcRanUSlOM4HJEM2yPiATobL

